title,2
(물음표 question mark) (Feat 최자 Choiza of 다이나믹듀오 Dynamic Duo ZionT).3gpp.mp3,8
1 다만 그대를 I Just Loved You.3gpp.mp3,10
10Years Has Passed.3gpp.mp3,8
119 (Feat GRAY).3gpp.mp3,7
187 (Feat 임성현 187 (Feat Lim Sunghyun).3gpp.mp3,8
2 위험해 (Dangerous) (Feat 박재범) Dangerous (Feat Jay Park).3gpp.mp3,9
24K Magic.3gpp.mp3,8
3 꿈이 뭐야 (Dream Chaser) (Feat Dok2 & 크러쉬) Dream Chaser (Feat Dok2 & Crush).3gpp.mp3,9
3 서쪽 하늘.3gpp.mp3,8
34+35.3gpp.mp3,8
4 정말로 사랑한다면.3gpp.mp3,10
7 rings.3gpp.mp3,8
About Damn Time.3gpp.mp3,9
Abu Dhabi (With Skinny Brown Leellamarz Sik-K).3gpp.mp3,10
Achoo Remix.3gpp.mp3,8
Addio.3gpp.mp3,8
Adore You.3gpp.mp3,8
All About That Bass.3gpp.mp3,10
All I Wanna Do (Feat Hoody & 로꼬 Loco) (Korean Version).3gpp.mp3,9
All of Me.3gpp.mp3,9
Alone (Feat LeeHi) (Alone (Feat 이하이)).3gpp.mp3,8
Am I Wrong.3gpp.mp3,9
And July (Feat DEAN & DJ Friz).3gpp.mp3,10
And The End (안녕이란 말).3gpp.mp3,10
Any song (아무노래).3gpp.mp3,7
As It Was.3gpp.mp3,10
Ashes.3gpp.mp3,8
BAAAM (Feat Muzie of UV).3gpp.mp3,10
Baby I Need You.3gpp.mp3,10
Back In Time (Live).3gpp.mp3,7
Bad At Love.3gpp.mp3,7
Bad Girl (미친연애) (featE-Sens of Supreme Team (이센스 of 슈프림팀).3gpp.mp3,7
bad guy.3gpp.mp3,7
Bad Habits.3gpp.mp3,7
Ballerino.3gpp.mp3,9
BAND.3gpp.mp3,8
Bang Bang.3gpp.mp3,9
Bang!.3gpp.mp3,9
BBB (Feat The Quiett).3gpp.mp3,7
BE I.3gpp.mp3,9
Beautiful Girls.3gpp.mp3,7
Beautiful Mistakes.3gpp.mp3,7
Beautiful People (feat Khalid).3gpp.mp3,8
Because Of You (Feat Soulman).3gpp.mp3,8
Before You Go.3gpp.mp3,7
Beggin.3gpp.mp3,8
Believe in love (사랑을 믿어요).3gpp.mp3,8
Believer.3gpp.mp3,9
BEO (비오) - Counting Stars (Feat Beenzino) Official MV.3gpp.mp3,7
BestDriver (Feat Gaeko Of Dynamic Duo).3gpp.mp3,7
Better Now.3gpp.mp3,10
Better.3gpp.mp3,8
Beyond Love (Feat 10CM) (정이라고 하자 (Feat 10CM)).3gpp.mp3,10
BIG Naughty (서동현) _ 낭만교향곡 (Feat CHANGMO 박재범)  스페셜클립  Special Clip  라이브  LIVE.3gpp.mp3,7
Bk Love (feat 하진).3gpp.mp3,9
Bk Love.3gpp.mp3,7
Black Heart (feat Leellamarz & BE′O).3gpp.mp3,10
Blank Space.3gpp.mp3,8
Blinding Lights.3gpp.mp3,8
Blurred Lines.3gpp.mp3,10
Boat.3gpp.mp3,7
Born Hater ft Beenzino Verbal Jint BI Mino Bobby.3gpp.mp3,9
Born This Way.3gpp.mp3,9
BORN TO LOVE YOU.3gpp.mp3,10
Boys and Girls (Feat Babylon).3gpp.mp3,9
BREATHE (Feat MINO) (Prod by GRAY).3gpp.mp3,9
BROKEN FERRARI (BROKEN FERRARI).3gpp.mp3,8
Broken.3gpp.mp3,7
Butter.3gpp.mp3,10
Button.3gpp.mp3,9
c2022YH (살별).3gpp.mp3,10
Cake By The Ocean.3gpp.mp3,9
California Gurls.3gpp.mp3,10
Call Me Maybe.3gpp.mp3,9
Cant Feel My Face.3gpp.mp3,10
CANT STOP THE FEELING! (from DreamWorks Animations TROLLS).3gpp.mp3,7
Canvas (feat Tiger JK Dynamic Duo & Bizzy).3gpp.mp3,8
Castle on the Hill.3gpp.mp3,8
Celebrity (Celebrity).3gpp.mp3,10
Chandelier.3gpp.mp3,7
Cheap Thrills.3gpp.mp3,8
Circles.3gpp.mp3,8
Classic.3gpp.mp3,7
Closer.3gpp.mp3,7
Cold Heart (PNAU Remix).3gpp.mp3,8
Complex (Feat ZICO) (자격지심 (Feat ZICO)).3gpp.mp3,10
Counting Stars.3gpp.mp3,10
COVID-19 (Feat SUPERBEE) (여기저기거기 (Feat 수퍼비)).3gpp.mp3,8
Crazy In Love.3gpp.mp3,10
CREDIT (Feat YUMDDA GIRIBOY ZionT).3gpp.mp3,7
D (Half Moon).3gpp.mp3,8
D-Day (2016).3gpp.mp3,9
Dance Monkey.3gpp.mp3,10
Dancing With A Stranger (with Normani).3gpp.mp3,10
Dark Cloud (먹구름).3gpp.mp3,8
Dark Horse.3gpp.mp3,10
Day & Night (feat Jay Park) (낮 밤 (feat 박재범)).3gpp.mp3,7
Daya - Sit Still Look Pretty.3gpp.mp3,8
Days of Disturbance (소란했던 시절에).3gpp.mp3,10
Dear my X (나의 X에게).3gpp.mp3,9
deja vu.3gpp.mp3,10
Delicate.3gpp.mp3,10
Despacito (Remix).3gpp.mp3,9
Diamonds.3gpp.mp3,7
Disturbia.3gpp.mp3,7
DJ Khaled - Im The One ft Justin Bieber Quavo Chance the Rapper Lil Wayne.3gpp.mp3,7
DNA Remix.3gpp.mp3,8
Do I Do (지금 난).3gpp.mp3,9
Do Ma Thang.3gpp.mp3,7
Do The Right Rap (featHuckleberry P).3gpp.mp3,9
Dont Call Me Up.3gpp.mp3,8
Dont Flex on me (Feat jayci yucca 김효은 Keem Hyo-Eun).3gpp.mp3,7
Dont Let Me Down.3gpp.mp3,10
Dont Start Now.3gpp.mp3,7
Dont Wanna Know.3gpp.mp3,9
Down.3gpp.mp3,9
Drive.3gpp.mp3,7
Drivin (Feat 래원 (Layone) BIG Naughty).3gpp.mp3,10
Dynamite.3gpp.mp3,10
Easy On Me.3gpp.mp3,7
Electricity.3gpp.mp3,7
Endlessly (feat Jeong Dong Won).3gpp.mp3,9
Event Horizon (사건의 지평선).3gpp.mp3,10
Fan.3gpp.mp3,8
Fancy.3gpp.mp3,8
Favorite Music (feat 길학미).3gpp.mp3,7
Feels.3gpp.mp3,9
Fire Flower (불꽃) (Feat Jo Hyun Ah(조현아 Of 어반자카파).3gpp.mp3,8
Fix you (1393).3gpp.mp3,10
flight (비행).3gpp.mp3,7
Flower Age (Feat MC META).3gpp.mp3,8
Fly me to the moon (비긴어게인2).3gpp.mp3,9
Foolish love (미련한 사랑).3gpp.mp3,7
Footstep.3gpp.mp3,7
for lovers who hesitate (주저하는 연인들을 위해).3gpp.mp3,10
For the gone (with ELLE KOREA) (사라진 모든 것들에게(with ELLE KOREA)).3gpp.mp3,9
Freak (Prod Slom).3gpp.mp3,9
Freesia (프리지아).3gpp.mp3,10
GET SOME AIR (featMIWOO) (바람이나 좀 쐐 (FEATMIWOO)).3gpp.mp3,7
GHOST TOWN.3gpp.mp3,8
Girl At The Coffee Shop (Feat Wonstein) (Prod PEEJAY) (커피가게 아가씨 (Feat.3gpp.mp3,9
Girls Like You (Cardi B Version).3gpp.mp3,8
Give It to HER (feat Leo Kekoa Dok2 & Simon Dominic).3gpp.mp3,9
Give Me Everything.3gpp.mp3,7
Gloomy Sunday.3gpp.mp3,7
Go Back (고백).3gpp.mp3,10
GO HIGH (Feat 우원재 창모 The Quiett) (Prod CODE KUNST).3gpp.mp3,8
Go right now.3gpp.mp3,7
GOAT.3gpp.mp3,7
GONE (Feat Paloalto).3gpp.mp3,7
GOOD (Feat ELO).3gpp.mp3,8
good 4 u.3gpp.mp3,9
Good as Hell.3gpp.mp3,7
Good Day (Feat 팔로알토 Paloalto) (Prod 코드 쿤스트 CODE KUNST).3gpp.mp3,7
Good Feeling.3gpp.mp3,10
Good For You.3gpp.mp3,9
Good Love (Feat BSK aka 김범수).3gpp.mp3,9
GOTTASADAE (가라사대).3gpp.mp3,10
GRAY (그레이) - I Dont Love You (Feat 쿠기) Official Music Video [ENGCHN].3gpp.mp3,9
Gray - 하기나 해 (Feat Loco).3gpp.mp3,10
Grenade.3gpp.mp3,8
Habits (Stay High).3gpp.mp3,7
Happier.3gpp.mp3,8
Happy (From Despicable Me 2).3gpp.mp3,8
Havana.3gpp.mp3,8
Heat Waves.3gpp.mp3,10
Heathens.3gpp.mp3,7
Here.3gpp.mp3,9
Hey Mama (feat Nicki Minaj Bebe Rexha & Afrojack).3gpp.mp3,9
Hide Away.3gpp.mp3,10
High With Me.3gpp.mp3,9
Higher Love.3gpp.mp3,7
Holy.3gpp.mp3,8
How Do I Look.3gpp.mp3,7
How love is (어떻게 사랑이 그래요).3gpp.mp3,9
Hyperstar.3gpp.mp3,9
I Am Yours (허리춤).3gpp.mp3,9
I Believe.3gpp.mp3,7
I can’t wait! (Feat Loco).3gpp.mp3,9
I Cry.3gpp.mp3,10
I Dont Care.3gpp.mp3,10
I Dont Mind.3gpp.mp3,8
I Don’t Wanna Live Forever (Fifty Shades Darker).3gpp.mp3,10
I Feel It Coming.3gpp.mp3,7
I Gotta Feeling.3gpp.mp3,9
I Like Me Better.3gpp.mp3,10
I Love You (베로나 에르베 광장 버스킹 Ver) (I Love You (베로나 에르베 광장.3gpp.mp3,7
I Need You (어떻게 지내).3gpp.mp3,9
IDGAF.3gpp.mp3,9
If I Aint Got You (From The Original TV Show Begin Again Korea Ep 10-2).3gpp.mp3,9
if i die (Feat ASH ISLAND).3gpp.mp3,8
If I Die Tomorrow.3gpp.mp3,9
If you lovingly call my name (다정히 내 이름을 부르면).3gpp.mp3,10
If You.3gpp.mp3,7
Im getting married (featEugene of THE SEEYA) (결혼해요 (FEAT유진 OF 더씨야)).3gpp.mp3,7
Im Not The Only One.3gpp.mp3,10
In My Blood.3gpp.mp3,7
IndiGO.3gpp.mp3,8
INDUSTRY BABY.3gpp.mp3,10
instagram.3gpp.mp3,7
Intentions.3gpp.mp3,8
INVU.3gpp.mp3,10
Issues.3gpp.mp3,9
It Aint Me.3gpp.mp3,8
Its ME (featDumbfoundead) (ITS ME (FEATDUMBFOUNDEAD)).3gpp.mp3,9
JAMIE (제이미) - Apollo 11 feat Jay Park Official Music Video.3gpp.mp3,9
Jealous.3gpp.mp3,9
Jisang-e-seo Yeongwoneuro.3gpp.mp3,10
Juice.3gpp.mp3,8
Just Dance.3gpp.mp3,9
Just Give Me a Reason.3gpp.mp3,10
Just Like This (Feat george).3gpp.mp3,8
Just the Way You Are.3gpp.mp3,8
Kings & Queens.3gpp.mp3,7
Kiss Me More.3gpp.mp3,8
L4L (Lookin For Luv) (Feat Dok2 & The Quiett).3gpp.mp3,10
Last Friday Night (TGIF).3gpp.mp3,7
Last Love (Feat Jayci Yucca).3gpp.mp3,7
Last Night (작야).3gpp.mp3,10
Latch.3gpp.mp3,10
Leave The Door Open.3gpp.mp3,8
Let Me Love You.3gpp.mp3,8
Lets Not Fall In Love.3gpp.mp3,9
Levitating (feat DaBaby).3gpp.mp3,7
Light Me Up.3gpp.mp3,10
Lights Down Low (Latin Mix).3gpp.mp3,7
Lights.3gpp.mp3,7
Like Im Gonna Lose You.3gpp.mp3,7
Like it (좋니).3gpp.mp3,9
Like That (Feat 주희 Joohee of 에이트 8eight 바스커션 BASCUSSION).3gpp.mp3,10
LILAC (라일락).3gpp.mp3,10
Limousine (Feat MINO) (Prod by GRAY).3gpp.mp3,10
Living in the same time (같은 시간 속의 너).3gpp.mp3,7
Locked Away.3gpp.mp3,10
Locked out of Heaven.3gpp.mp3,8
Lonely Night (featGAEKO) (또 하루 (FEAT개코)).3gpp.mp3,7
Love After.3gpp.mp3,10
LOVE DIVE (LOVE DIVE).3gpp.mp3,9
Love Love Love (Feat 융진 of Casker).3gpp.mp3,9
Love Me Like You Do (From Fifty Shades Of Grey).3gpp.mp3,8
Love On The Brain.3gpp.mp3,7
Love Scene.3gpp.mp3,8
Love Yourself.3gpp.mp3,10
LOVE.3gpp.mp3,8
Low (feat T-Pain).3gpp.mp3,9
Lush Life.3gpp.mp3,10
Map Music (featZICO).3gpp.mp3,9
Me You (featBaek Yerin) (백예린) (Of 15 &).3gpp.mp3,7
Meeting is easy parting is hard (Feat Leellamarz) (Prod by TOIL).3gpp.mp3,9
MELODY.3gpp.mp3,9
Memories (Smiling Tears).3gpp.mp3,8
Memories.3gpp.mp3,9
METEOR.3gpp.mp3,8
Mi Gente.3gpp.mp3,10
MIRROR (거울) (Feat Woo Won Jae) (우원재) ( Ann One).3gpp.mp3,10
Mirrors (Radio Edit).3gpp.mp3,10
moneyflow (다 비켜봐) moneyflow.3gpp.mp3,9
MONTERO (Call Me By Your Name).3gpp.mp3,7
MORE THAN A TV STAR (Feat 이하이) MORE THAN A TV STAR (Feat Lee Hi).3gpp.mp3,10
Moves Like Jagger (Studio Recording From The Voice Performance).3gpp.mp3,8
MUSIC (Feat 최자 Choiza Of 다이나믹 듀오 Dynamic Duo).3gpp.mp3,7
My Universe.3gpp.mp3,8
Need to Know.3gpp.mp3,9
Never Be Like You.3gpp.mp3,10
Never Be the Same.3gpp.mp3,8
Never Ending Story (Feat Dynamicduo).3gpp.mp3,7
Never Ending Story (Never Ending Story).3gpp.mp3,8
Never Forget You.3gpp.mp3,8
New Rules.3gpp.mp3,8
No Make Up (Feat ZionT HATFELT).3gpp.mp3,9
No Make Up.3gpp.mp3,9
no tears left to cry.3gpp.mp3,9
No3 Feat Sol Flower.3gpp.mp3,7
Nocturn (녹턴).3gpp.mp3,10
NoNo (Feat 사이먼 도미닉 Simon Dominic) (Prod 코드 쿤스트 CODE KUNST).3gpp.mp3,8
Nu Skool.3gpp.mp3,9
Number (Feat BIG Naughty).3gpp.mp3,8
Nxde.3gpp.mp3,7
OHAYO MY NIGHT.3gpp.mp3,7
Okey Dokey.3gpp.mp3,8
OMG.3gpp.mp3,10
On A Rainy Day (비가 내리는 날에는).3gpp.mp3,8
On My Way (Feat ZionT).3gpp.mp3,9
On My Way.3gpp.mp3,8
On Rainy Days (2021).3gpp.mp3,9
ONCE AGAIN.3gpp.mp3,9
One Kiss.3gpp.mp3,9
One Last Time.3gpp.mp3,8
One More Night.3gpp.mp3,8
One Snowy Day (Feat SOLE) (눈이 오던 날 (Feat SOLE)).3gpp.mp3,9
Only Girl (In The World).3gpp.mp3,10
Oort Cloud (오르트구름).3gpp.mp3,10
Origin of Species (종의 기원).3gpp.mp3,8
Our Blues Our Life (우리들의 블루스).3gpp.mp3,10
OUT OF MY SIGHT.3gpp.mp3,10
Parade.3gpp.mp3,8
Paranoid.3gpp.mp3,9
Paris (Feat 지선 of 러브홀릭).3gpp.mp3,9
Paris.3gpp.mp3,10
Part Of Me.3gpp.mp3,10
Party People (파티피플) (Feat YUMDDA(염따) Uneducated Kid).3gpp.mp3,10
Peaches.3gpp.mp3,10
Perfect.3gpp.mp3,8
Permission to Dance.3gpp.mp3,7
pH-1 - MR BAD (Feat 우원재) (Official Video).3gpp.mp3,10
pH-1 - Nerdy Love (Feat 백예린) (Prod Mokyo) (Official Music Video) (SUB ENG).3gpp.mp3,10
pH-1 – ZOMBIES + TIPSY (Official Video).3gpp.mp3,8
Pierrot (광대) (소렌토 루프톱 바 버스킹 Ver) (Pierrot (광대) (소렌토 루프톱.3gpp.mp3,7
Pillow (featKIHYUN) (팔베개 (FEAT기현) (PILLOW)).3gpp.mp3,9
PLASTIC (featBewhY) (비와이).3gpp.mp3,7
Play Pretend.3gpp.mp3,9
Pompeii.3gpp.mp3,7
positions.3gpp.mp3,8
Problem.3gpp.mp3,8
Pumped Up Kicks.3gpp.mp3,9
Rain On Me.3gpp.mp3,8
Rain Song (Feat Colde).3gpp.mp3,8
Rainy day (Feat ASH ISLAND Skinny Brown).3gpp.mp3,7
Raise Your Glass.3gpp.mp3,10
Rather Be (feat Jess Glynne).3gpp.mp3,7
Ready For It.3gpp.mp3,10
Red Sun (Feat ZICO Swings).3gpp.mp3,8
Remembered.3gpp.mp3,7
Repeat.3gpp.mp3,9
RESPECT (featGRAY & DJ Pumkin).3gpp.mp3,7
Respect My Money (Clean Ver).3gpp.mp3,10
Ride.3gpp.mp3,7
Roar.3gpp.mp3,10
Rockabye (feat Sean Paul & Anne-Marie).3gpp.mp3,7
Roses.3gpp.mp3,9
Routine (반복).3gpp.mp3,7
Royals.3gpp.mp3,10
Rude.3gpp.mp3,8
Run & Run Feat Outsider.3gpp.mp3,10
Run (feat YB).3gpp.mp3,8
RUN.3gpp.mp3,9
RUN2U (RUN2U).3gpp.mp3,9
Running Up That Hill (A Deal With God).3gpp.mp3,8
S T A R T.3gpp.mp3,10
Same Old Love.3gpp.mp3,9
Save Your Tears ((Remix) Bonus Track).3gpp.mp3,10
Say So.3gpp.mp3,7
Scared to Be Lonely.3gpp.mp3,7
See You Again (feat Charlie Puth).3gpp.mp3,10
Self Isolation (feat Paloalto) (자가격리 (feat 팔로알토)).3gpp.mp3,8
Selfmade Orange (Feat SUPERBEE).3gpp.mp3,8
Seoul Lonely (feat GAIN) (오늘따라 (feat 가인)).3gpp.mp3,8
Señorita (feat nafla).3gpp.mp3,10
Señorita.3gpp.mp3,9
Shake It Off.3gpp.mp3,9
Shallow.3gpp.mp3,10
Shape of You.3gpp.mp3,8
She Gonna Stop (Feat Leellamarz) (Prod by TOIL).3gpp.mp3,10
Shivers.3gpp.mp3,9
Shut Up & Groove (Feat DEAN).3gpp.mp3,7
Shut Up and Dance.3gpp.mp3,7
Side To Side.3gpp.mp3,8
Simon Dominic (사이먼 도미닉).3gpp.mp3,10
Skillz (feat Minos 넋업샨 Nuck Swings & Beenzino) (Electrue Mix).3gpp.mp3,9
Slide.3gpp.mp3,7
Smile Again Feat 배치기.3gpp.mp3,10
SMILEY (Feat BIBI).3gpp.mp3,10
Solo (Feat Alex).3gpp.mp3,9
Someone You Loved.3gpp.mp3,8
Someone You Used To Know.3gpp.mp3,7
Something Just Like This.3gpp.mp3,8
Sorry.3gpp.mp3,7
Sour Grapes (못먹는 감 (SOUR GRAPES)).3gpp.mp3,10
Spring Expectation (봄에게 바라는 것).3gpp.mp3,8
Starboy.3gpp.mp3,8
Stardust (별의 조각).3gpp.mp3,8
STAY THE NIGHT (Feat DeVita) (STAY THE NIGHT (Feat DeVita)).3gpp.mp3,10
STAY.3gpp.mp3,10
Still (남아있어) (featCrush).3gpp.mp3,10
Still On My Way (Feat ZionT).3gpp.mp3,8
Stitches.3gpp.mp3,8
strawberry moon (strawberry moon).3gpp.mp3,8
Strip That Down.3gpp.mp3,8
Stronger (What Doesnt Kill You).3gpp.mp3,7
Style.3gpp.mp3,10
Sucker.3gpp.mp3,7
Suddenly.3gpp.mp3,10
Summer Go Loco (Feat GRAY).3gpp.mp3,7
Sunday 2Pm (feat Deepflow).3gpp.mp3,8
Sunflower (Spider-Man Into the Spider-Verse).3gpp.mp3,10
Sweet Love (She is My Type♡ X Crush) (Sweet Love (취향저격 그녀 X Crush)).3gpp.mp3,10
Symphony (feat Zara Larsson).3gpp.mp3,8
Tears (featDarin of Highcolor) (눈물 (FEAT 다린 OF HIGHCOLOR)).3gpp.mp3,9
Teenage Dream.3gpp.mp3,9
Text Me.3gpp.mp3,8
thank u next.3gpp.mp3,10
Thats What I Like.3gpp.mp3,7
The Cure (살자) (for smiling grand daddy).3gpp.mp3,8
The House.3gpp.mp3,9
The Middle.3gpp.mp3,8
The One That Got Away.3gpp.mp3,8
The Pursuit of Happyness (feat Jo Hyun Ah) (행복을 찾아서 (feat 조현아)).3gpp.mp3,7
The Real.3gpp.mp3,9
The Time Goes On.3gpp.mp3,8
Then Then Then (그땐 그땐 그땐).3gpp.mp3,9
Theres Nothing Holdin Me Back.3gpp.mp3,9
Thinking out Loud.3gpp.mp3,10
This Is What You Came For.3gpp.mp3,9
Thunder.3gpp.mp3,9
Tiger Den (Feat Jvcki Wai) (호랑이소굴 (Feat Jvcki Wai)).3gpp.mp3,10
TiK ToK.3gpp.mp3,8
Timber.3gpp.mp3,8
Time limit (feat Leellamarz Loco).3gpp.mp3,10
TOMBOY.3gpp.mp3,7
Tomorrow (Feat GIRIBOY BIG Naughty).3gpp.mp3,10
Too Close I’m Sorry (Feat KWON INHA).3gpp.mp3,10
Treasure.3gpp.mp3,9
Trip (Feat Hannah).3gpp.mp3,10
Trot.3gpp.mp3,10
Umbrella (Radio Edit).3gpp.mp3,9
Upside Down (뒤집어버려).3gpp.mp3,7
Uptown Funk.3gpp.mp3,10
Victim + 위하여.3gpp.mp3,8
Viva La Vida.3gpp.mp3,10
VVS (Feat JUSTHIS) (Prod GroovyRoom).3gpp.mp3,10
Wait.3gpp.mp3,7
Wake Me Up.3gpp.mp3,10
Waltz 2015 Remastered Version.3gpp.mp3,7
Waterbomb (Feat Gaeko Nucksal) (Prod CODE KUNST).3gpp.mp3,9
Watermelon Sugar.3gpp.mp3,10
We Are Never Ever Getting Back Together.3gpp.mp3,9
We Are Young (feat Janelle Monáe).3gpp.mp3,7
We Belong Together.3gpp.mp3,8
We Found Love.3gpp.mp3,9
Wedding Dress.3gpp.mp3,7
Weekend.3gpp.mp3,8
What Do You Mean.3gpp.mp3,9
What Lovers Do.3gpp.mp3,9
Whatcha Say.3gpp.mp3,9
Whatever It Takes.3gpp.mp3,10
When I Was Your Man.3gpp.mp3,9
Whistle.3gpp.mp3,8
Wildest Dreams (Taylors Version).3gpp.mp3,8
willow.3gpp.mp3,8
WINE (오늘 취하면) (FeatChangmo) (창모) (Prod by SUGA).3gpp.mp3,10
Winter of Haeundae (겨울 해운대) (featRim Kim (김예림).3gpp.mp3,8
Winter Sleep (겨울잠).3gpp.mp3,8
Without Me.3gpp.mp3,10
Without you now (featT Tiger Bizzy) (이젠 너 없이도 (FEAT 윤미래 타이거 JK.3gpp.mp3,8
Woman.3gpp.mp3,8
WON & ONLY (featJay Park) ( & ONLY (WON & ONLY) (FEAT박재범)).3gpp.mp3,10
Wonder (Feat Harms).3gpp.mp3,9
Work from Home.3gpp.mp3,8
Wrecking Ball.3gpp.mp3,7
Year Like a Day (일년을 하루 같이).3gpp.mp3,8
Yesterday You Left Me.3gpp.mp3,9
You & Me (심상치 않아) (Feat Jooyoung (주영).3gpp.mp3,10
YOU AND I (YOU AND I).3gpp.mp3,10
you broke me first.3gpp.mp3,10
You look Good (좋아보여).3gpp.mp3,8
You too (너도) (featCha Cha Malone).3gpp.mp3,7
Young.3gpp.mp3,8
Your Day (Romance 101 X Loco) (너의 하루 (바른연애 길잡이 X 로꼬)).3gpp.mp3,10
You′re my Universe.3gpp.mp3,9
Yummy.3gpp.mp3,7
ZAYN - PILLOWTALK (Official Music Video).3gpp.mp3,8
[MV] BIBI(비비) _ PADO.3gpp.mp3,7
[MV] BIG Naughty (서동현) _ Joker (Feat JAMIE).3gpp.mp3,7
[MV] Loco(로꼬) GRAY _ Late Night.3gpp.mp3,8
[MV] LUNCH(런치) _ I Don’t Need You(어떻게 지내 (답가)).3gpp.mp3,10
[MV] Sam Kim(샘김) _ The Juice.3gpp.mp3,7
[MV] 디핵 (D-Hack) PATEKO - OHAYO MY NIGHT  Official Music Video.3gpp.mp3,8
[MV] 오반(OVAN) _ 망해 간다니까(Cold World).3gpp.mp3,7
[MV] 오반(OVAN) _ 허리춤(I Am Yours).3gpp.mp3,7
[MV] 헤이즈(Heize) - 작사가 (Lyricist)  일이 너무 잘 돼 (Things are going well).3gpp.mp3,8
[가사] 아이유 편지  진정 행복하길 바라겠소 이 마음만 가져가오 (IU - Letter).3gpp.mp3,9
굿모닝 Good Morning.3gpp.mp3,9
소년을 위로해줘 From Boys to Men 2013.3gpp.mp3,8
충분히 예뻐 You Deserve Better (Beautiful Enough).3gpp.mp3,8
가끔 Sometimes.3gpp.mp3,9
가드올리고 Bounce Raise your guard and Bounce.3gpp.mp3,8
가인 (feat NEMO of 미스에스).3gpp.mp3,10
가질 수 없는 너.3gpp.mp3,7
겁 (Feat 태양) Fear (Feat TAEYANG).3gpp.mp3,8
골프왕 GolfWang (Prod By twlv).3gpp.mp3,9
광대  Clowns (with BMK).3gpp.mp3,7
구두.3gpp.mp3,8
굿모닝 (feat 권정열 Of 10cm).3gpp.mp3,10
그 남자 그 여자의 사정 Retrospective For Life (Feat Bobby Kim).3gpp.mp3,9
그날 밤 혼자서 그곳에 서서 (Remastered).3gpp.mp3,9
그대로 있어도 돼 You Can Stay (Feat Crush).3gpp.mp3,9
그때 그 아인 (Someday The Boy).3gpp.mp3,9
그런일은 (그런일은).3gpp.mp3,10
그립고 그립고 그립다 (불광동 휘발유).3gpp.mp3,10
기다리다.3gpp.mp3,9
기억을 걷는 시간.3gpp.mp3,10
길을 막지마 Gilmak.3gpp.mp3,8
꺼내 먹어요 Eat.3gpp.mp3,9
꽃 FLOWER (Prod AVIN).3gpp.mp3,10
끝 (Apoptosis).3gpp.mp3,7
나만 모르게 Unknowingly (Feat T).3gpp.mp3,9
나무 (나무).3gpp.mp3,7
난치병 (나폴리 톨레도 역 버스킹 Ver) (난치병 (나폴리 톨레도 역 버스킹.3gpp.mp3,10
낮 달.3gpp.mp3,7
너 너.3gpp.mp3,8
너가 날 떠나면 안되는 이유  Reason That You Should Not Leave Me (Feat 정표).3gpp.mp3,7
너는 나 나는 너 I Am You You Are Me.3gpp.mp3,9
너말고 니언니 Pt 1.3gpp.mp3,10
너에게로 또다시.3gpp.mp3,7
널 너무 모르고 Dont Know You.3gpp.mp3,7
널 떠올리는 중이야.3gpp.mp3,8
네자루의 MIC (Feat Room9 飛刀승우 Illinit).3gpp.mp3,7
누구를 위한 삶인가  Whos Life Is This For (사생결단 ost).3gpp.mp3,8
눈 코 입 (Eyes Nose Lips).3gpp.mp3,7
눈물 (Feat 유진 Of 더 씨야) (눈물 (Feat 유진 Of 더 씨야)).3gpp.mp3,9
눈물.3gpp.mp3,7
눈물샤워 (feat 에일리).3gpp.mp3,9
다시 쓰는 이력서 Resume pt2.3gpp.mp3,9
다운 (Dvwn) - 기억소각 (Feat 기리보이) Official Music Video.3gpp.mp3,9
다이하드 (feat 알리 & MC 메타 Of 가리온).3gpp.mp3,7
당신의 조각들 (Feat 지선).3gpp.mp3,10
더 미안하고 보고 싶고 그래.3gpp.mp3,9
도박 Life Is a Gamble.3gpp.mp3,8
독 poison (Feat E-Sens of 슈프림팀 Supreme Team).3gpp.mp3,8
독기 Venom.3gpp.mp3,10
돈이다가 아니야 (Get Money) (Feat 강산에 Kang Saneh).3gpp.mp3,10
두꺼비집 (One More Drink) (Feat 0cd).3gpp.mp3,10
따마(THAMA) - Blessed (feat GSoul) MV [ENGJPNCHN].3gpp.mp3,7
땡땡땡 Dang Dang Dang.3gpp.mp3,7
뛰어가 Run (feat Tiger JK & Jinbo).3gpp.mp3,7
뜨래요 (feat 앙리 Of 3B).3gpp.mp3,8
로꼬 (Loco) - 이대로만 (Feat 죠지) Official Music Video [ENGCHN].3gpp.mp3,9
로켓 (Rocket).3gpp.mp3,10
리쌍부르쓰 (feat 정인).3gpp.mp3,7
릴보이(lIlBOI) 원슈타인(Wonstein) - FRIENDS (Prod Slom) MV.3gpp.mp3,7
마에스트로.3gpp.mp3,10
마주치지 말자.3gpp.mp3,10
마크툽(MAKTUB)이라온-별을 담은 시(Ode To The Stars).3gpp.mp3,7
말리지 마 (Never Stop Me).3gpp.mp3,8
먼 훗날에.3gpp.mp3,7
몸 (Body).3gpp.mp3,9
무제 (無題) (Untitled 2014).3gpp.mp3,7
미안해 Im Sorry.3gpp.mp3,7
박봄 (Park Bom) - Remembered (Official MV).3gpp.mp3,9
박재범 (Jay Park) - ‘GANADARA (Feat 아이유 IU)’ Official Music Video.3gpp.mp3,9
변비.3gpp.mp3,10
별 짓 다해봤는데.3gpp.mp3,10
별.3gpp.mp3,8
봄여름가을겨울 (Still Life).3gpp.mp3,7
부서진 동네 Shattered Neighborhood (feat Lucid Fall).3gpp.mp3,9
불꽃놀이 (Fireworks).3gpp.mp3,7
불한당가 (with 나찰 피타입 & MC 메타).3gpp.mp3,7
비도 오고 그래서 You Clouds Rain (Feat 신용재 Shin Yong Jae).3gpp.mp3,10
비범벅 (feat 범키).3gpp.mp3,10
비행소년 (Going Home).3gpp.mp3,8
빈차 (Home Is Far Away) ft OH HYUK.3gpp.mp3,9
빙그레.3gpp.mp3,7
사계 Four Seasons.3gpp.mp3,9
사우나 (Sauna) (Feat E-Sens Of Supreme Team).3gpp.mp3,10
사이먼 도미닉 (Simon Dominic) - Party Forever Official Live Clip [ENGCHN].3gpp.mp3,7
살발해 (Forever Young) (Feat Beenzino).3gpp.mp3,8
상사화.3gpp.mp3,7
상실의 순기능 (The Benefits Of Heartbreak) ft LEE SUHYUN.3gpp.mp3,9
서랍.3gpp.mp3,10
세레나데 SERENADE.3gpp.mp3,8
소년점프 (Feat 배기성) Mommy jump (Feat Bae ki sung).3gpp.mp3,9
숀 (SHAUN) - 웨이백홈 (Way Back Home) [Lyric Video].3gpp.mp3,7
수퍼비와 SUPERBEEWHY (Feat BewhY) (Prod BewhY).3gpp.mp3,9
시작이 좋아 (feat 강민희 Of 미스에스).3gpp.mp3,9
시차 (We Are) (Feat 로꼬 & GRAY).3gpp.mp3,7
쌔끈해 (Three Dopeboyz) (Feat ZionT).3gpp.mp3,8
쏠(SOLE) - 오래오래 MV [ENGJPNCHN].3gpp.mp3,9
씨스루 Seethru (Feat ZionT 개코 Gaeko of 다이나믹듀오 Dynamic Duo).3gpp.mp3,8
씨스루 Seethru (Feat 개코 Gaeko ZionT).3gpp.mp3,7
아름다워.3gpp.mp3,7
아무도 모르게 (Prod by MC몽) Like Nobody Knows (Prod by MC MONG).3gpp.mp3,10
아무도 모르게.3gpp.mp3,9
아이고  Ai-Go (But I Go) (Feat Juvie Train Of Buga Kingz).3gpp.mp3,8
아이야 (Feat Beenzino) AIYA (Feat Beenzino).3gpp.mp3,10
야마하 (Feat Red Roc Okasian) YAMAHA (Feat Red Roc Okasian).3gpp.mp3,9
야망 AMBITION (Feat ASH ISLAND 김효은 KEEM HYO-EUN Hash Swan CHANGMO) (Prod TOIL).3gpp.mp3,7
양화대교 Yanghwa Brdg.3gpp.mp3,7
어떻게 이별까지 사랑하겠어 널 사랑하는 거지 (How can I love the heartbreak.3gpp.mp3,8
어른 Grown Ups.3gpp.mp3,10
언젠가 누군가 (One Day Someone).3gpp.mp3,8
요즘어때 How You Doin (Feat DEAN).3gpp.mp3,9
우원재 (Woo) - Uniform (Feat pH-1) Official Music Video [ENGCHN].3gpp.mp3,7
위로 Comfort (Prod iDeal).3gpp.mp3,9
위업 WE UP (Feat Okasian UNEDUCATED KID).3gpp.mp3,7
윤하(YOUNHA) - 사건의 지평선 MV.3gpp.mp3,8
이게 사랑이 아니면 (feat 에일리).3gpp.mp3,7
이대로도 예뻐.3gpp.mp3,7
이별의 품격 (feat 린).3gpp.mp3,9
이하이 (LeeHi) - 머리어깨무릎발 (HSKT) (Feat 원슈타인) Official MV (ENGCHN).3gpp.mp3,7
잊어버리지마 Dont Forget (Feat 태연 Taeyeon).3gpp.mp3,7
작두 (Feat 넉살 Huckleberry P) Cut Cut Cut (Nucksal Huckleberry P).3gpp.mp3,7
잔돈은 됐어요 (Keep The Change) (Feat Garie Of Leessang Bumky Of Komplex).3gpp.mp3,7
잘자 (Sleep Tight) (Feat 길구봉구 Gilgubonggu).3gpp.mp3,9
전하지 못한 그 말.3gpp.mp3,9
좋은 날 (Feat 거미).3gpp.mp3,7
주변인.3gpp.mp3,9
주지마 Don’t.3gpp.mp3,7
죽일 놈 (Guilty).3gpp.mp3,10
지구멸망 Global Extinction (Feat KIRIN) (Prod GroovyRoom).3gpp.mp3,10
진흙 속에서 피는 꽃 Flower from the Mud (feat Kebee & MC Meta).3gpp.mp3,8
출첵 Chool Check (Feat 나얼 Naul From Brown Eyed Soul).3gpp.mp3,7
쿵 (Knock) Knock.3gpp.mp3,7
토요일의 끝에서 (Feat Blacknut) Saturday (Feat Blacknut).3gpp.mp3,10
포스트 말론 SG워너비 - 살다가 Remix.3gpp.mp3,9
폴킴 (Paul Kim) - One More Time [Music Video].3gpp.mp3,7
폴킴 (Paul Kim) - 어제처럼 (원곡  제이 (J)).3gpp.mp3,8
폴킴( Paul Kim) - 모든 날 모든 순간 [키스 먼저 할까요` OST] 가사.3gpp.mp3,7
필라멘트 Filament (Feat BSK AKA 김범수 KIM BUM SOO).3gpp.mp3,10
하루하루 (하루하루).3gpp.mp3,7
행복하니 (feat 조현아 Of 어반자카파).3gpp.mp3,9
헤어지지 못하는 여자 떠나가지 못하는 남자 Cant Breakup Girl Cant Breakaway.3gpp.mp3,8
헤이즈 (Heize) - 헤픈 우연 (HAPPEN) MV (with 송중기).3gpp.mp3,10
헤픈엔딩 (Happen Ending) ft Joe Won Sun of Rollercoaster.3gpp.mp3,7
형.3gpp.mp3,10
호불호 Taste (Feat 기리보이 GIRIBOY) (Prod By GRAY).3gpp.mp3,10
화가 (火歌)  Fire Song (with Tiger JK Sean2Slow Dynamic Duo).3gpp.mp3,8
화장을 고치고 (Putting On A Make-Up).3gpp.mp3,7
