title,3
100 Percent.3gpp.mp3,8
20+3.3gpp.mp3,10
2014 월간 윤종신 9월호 - 회색도시.3gpp.mp3,10
Ah puh (어푸 (Ah puh)).3gpp.mp3,7
AOA - MOYA (Full Audio) [Single MOYA].3gpp.mp3,7
At the Han River (한강에서).3gpp.mp3,9
BAND.3gpp.mp3,10
Because Its You (너니까).3gpp.mp3,9
Blue Eyes (Blue Eyes).3gpp.mp3,7
Broken Valentine(브로큰 발렌타인) - Noname (Official MV).3gpp.mp3,8
CHEEZE  치즈 - 15집 Plain 01 Madeleine Love (Official Music).3gpp.mp3,10
CHEEZE  치즈 - Be There album 01 Be There (Official Music).3gpp.mp3,7
CHUNGHA (청하) - Chica [MP3 Audio] [Flourishing].3gpp.mp3,9
DAY6 You Were Beautiful(예뻤어) MV.3gpp.mp3,10
Downtown Baby.3gpp.mp3,9
Endless Love (우린 끝없이 사랑할 거야).3gpp.mp3,8
Epik high (에픽하이) - Umbrella(Feat Younha) (우산).3gpp.mp3,7
Floor.3gpp.mp3,10
Head-butt and suicide.3gpp.mp3,10
Higher (Feat 이루마) (Higher (Feat 이루마)).3gpp.mp3,10
Hold my hand (내 손을 잡아 (Hold my hand)).3gpp.mp3,8
I Believe.3gpp.mp3,9
I Go (아이고).3gpp.mp3,9
JUNIEL(주니엘) - 바보 (With 정용화 of CNBLUE) MV.3gpp.mp3,8
LABOUM(라붐) 4th SINGLE ALBUM Fresh Adventure 상상더하기 Official MV.3gpp.mp3,10
Last Sequence.3gpp.mp3,10
Like the first time (처음처럼) ft Gary.3gpp.mp3,10
Loveholic.3gpp.mp3,8
My Ceiling Disappeared (우르릉 쾅쾅쾅).3gpp.mp3,8
Narcissism (Narcissism).3gpp.mp3,8
OurR (아월) - haaAakkKKK!!! Official MV.3gpp.mp3,9
OurR(아월) - Circle Official MV.3gpp.mp3,7
OurR(아월) - 무늬 (Pattern) (Live Clip).3gpp.mp3,9
OurR(아월) - 우물 (Live Clip).3gpp.mp3,9
People Who Make Me Sad.3gpp.mp3,8
pH-1 - Nerdy Love (Feat 백예린) (Prod Mokyo) (Official Music Video) (SUB ENG).3gpp.mp3,9
Run & Run Feat Outsider.3gpp.mp3,7
Run (feat YB).3gpp.mp3,8
San E & Raina - 달고나(Sugar and Me) (San E Official Channel).3gpp.mp3,7
Some Where (어디쯤에) (feat Suran(수란) pH-1).3gpp.mp3,10
SOMEDAY (SOMEDAY).3gpp.mp3,7
STANDING EGG - 어제의 우리들.3gpp.mp3,10
Summer Love (애타는 마음).3gpp.mp3,10
Sunshine (Feat Crush).3gpp.mp3,7
This Night (행성) (Feat BlueD Jhnovr).3gpp.mp3,9
Time to Let You Go (이젠 내가 너의 위로가 아니니).3gpp.mp3,9
Todays Mood.3gpp.mp3,10
Troll (Feat DEAN) (돌림노래 (Feat DEAN)).3gpp.mp3,9
[BALLAD] 서영은 - 칵테일 사랑 (Feat 김연우)  가사 (Lyrics).3gpp.mp3,10
[Lyric Video][Eng Sub] 015B(공일오비) OWhen(오왠)_Without All the Traces of Time(세월의 흔적 다 버리고).3gpp.mp3,9
[Lyrics Video] Buzz(버즈) - Journey For Myself(나에게로 떠나는 여행).3gpp.mp3,10
[MV[ Boohwal 생각이나.3gpp.mp3,7
[MV] BIBI(비비) _ Eat My Love(사랑의 묘약).3gpp.mp3,9
[MV] Elaine(일레인) _ Falling.3gpp.mp3,10
[MV] KIMSEJEONG(김세정) _ Warning (Feat lIlBOI).3gpp.mp3,9
[MV] LEEBADA(이바다) _ Night Dream(야몽음인 (夜夢陰人)).3gpp.mp3,9
[MV] Mad Clown(매드클라운) _ Fire(화) (Feat Jinsil(진실) Of Mad Soul Child).3gpp.mp3,10
[MV] Peppertones(페퍼톤스) _ Good Luck to You(행운을 빌어요).3gpp.mp3,10
[MV] SBGB(새벽공방) _ CARD CAPTOR SAKURA(카드캡터체리).3gpp.mp3,10
[MV] sentizone _ Unforgettable(긴 머리)(feat Seo Yeah An(서예안)).3gpp.mp3,9
[MV] Stella Jang(스텔라장) _ Transfer(환승입니다).3gpp.mp3,7
[MV] SUNMI(선미) _ 누아르(Noir).3gpp.mp3,9
[MV] YOUNHA(윤하) _ On A Rainy Day(비가 내리는 날에는).3gpp.mp3,7
[MV] 산이 매드클라운(San E Mad Clown) _ 못먹는 감(Sour Grapes).3gpp.mp3,7
[MV] 산이(San E) _ Me You (Feat 백예린(Baek Yerin) Of 15&).3gpp.mp3,8
[MV] 우주소녀 (WJSN) - 이루리 (As You Wish).3gpp.mp3,8
[Official Audio] OOHYO 우효  비밀의 숲 OST Part3 SONAGI 소나기.3gpp.mp3,8
[Official Audio] 델리스파이스(DELISPICE) - 챠우챠우.3gpp.mp3,10
[Official Audio] 윤지영 (Yoon Jiyoung) - Blue bird.3gpp.mp3,10
[Official Audio] 장기하와 얼굴들 (Kiha & The Faces) - ㅋ.3gpp.mp3,8
[Official Audio] 치즈  CHEEZE - Orange (오렌지).3gpp.mp3,8
[Official MV] Broken Valentine(브로큰 발렌타인)  Aluminium (Eng Sub).3gpp.mp3,10
[응답하라 1988 Part 4] 박보람 (Park Boram) - 혜화동 (혹은 쌍문동) MV.3gpp.mp3,8
좋지 아니한가 Isnt That Good.3gpp.mp3,7
가끔 이러다.3gpp.mp3,8
고속도로 Romance.3gpp.mp3,7
구원찬  Ku One Chan - 01 너는 어떻게 (feat 백예린) (Official Audio).3gpp.mp3,7
그래서 그대는 (그래서 그대는).3gpp.mp3,10
럼블 피쉬 (Rumble Fish) - 비와 당신 (Official Video).3gpp.mp3,7
무이이야 Rock Version.3gpp.mp3,10
박혜경 - Lemon Tree (Official Video).3gpp.mp3,7
버즈 (BUZZ) - 아날로그 (Analogue) MV.3gpp.mp3,9
브로큰 발렌타인 - 화석의 노래.3gpp.mp3,7
비망록 (스물의 노래).3gpp.mp3,9
비밀 (feat 박완규).3gpp.mp3,8
사랑이 다른 사랑으로 잊혀지네.3gpp.mp3,7
서영은 혼자가아닌나.3gpp.mp3,10
습관 (Bye Bye).3gpp.mp3,8
아마도 그건.3gpp.mp3,8
아웃사이더 (Outsider) - 슬피 우는 새 (feat 이수영).3gpp.mp3,10
어떤 별보다.3gpp.mp3,10
옥상달빛 (OKDAL) - 청춘길일(靑春吉日) [Official Audio].3gpp.mp3,8
잠시 길을 잃다 (feat 신보경).3gpp.mp3,8
청하 (CHUNG HA) - Why Don’t You Know (Feat 넉살 (Nucksal)) MV.3gpp.mp3,7
추적이는 여름 비가 되어 - 장범준 Lyric video (as you wish).3gpp.mp3,8
출사표 Marching.3gpp.mp3,8
치즈 (CHEEZE) - LOSER [ENG] [MV].3gpp.mp3,7
치즈 (CHEEZE) - 수채화 (Watercolor) [Mood Film Ep02] [ENG] [CHN].3gpp.mp3,7
헤이즈 (Heize) - 헤픈 우연 (HAPPEN) MV (with 송중기).3gpp.mp3,8
혼잣말 Say to Myself.3gpp.mp3,9
후후후.3gpp.mp3,9
