title,1
(나알노) Bebe Rexha - Sabotage [가사해석].3gpp.mp3,8
(심규선)아라리Arari【COVER by Guriri】.3gpp.mp3,9
(여자)아이들((G)I-DLE) - MY BAG (Choreography Practice Video).3gpp.mp3,8
(여자)아이들((G)I-DLE) - Nxde Official Music Video.3gpp.mp3,9
(이어폰좌우음향자막)밝지 않는 밤의 릴리&너의 밤이 밝아질 때까지 featCereus.3gpp.mp3,9
(자막) sekainoowari  - 환상의 생명.3gpp.mp3,8
10cm - 이 밤을 빌려 말해요 (바른연애 길잡이 X 10CM)  가사.3gpp.mp3,10
10대를 위한 사랑노래 (零几年听的情歌 령기년청적정가) - 챠오챠오biu (乔乔biu)  가사해석 번역 병음 발음 [중국노래  틱톡].3gpp.mp3,9
180310 은지원 (EUN JI WON) PRIVATE STAGE [1 THE LAND] - 사랑했나봐.3gpp.mp3,8
191001 경희대를 뒤집어 놓은 윤하의 추억 소환 - 비밀번호 486 + 혜성.3gpp.mp3,7
2018提莫直播室最好聽5首精選歌曲《煙火裏的塵埃，愛你，哼，佛係少女，卡路里》.3gpp.mp3,9
2021년 차트를 휩쓸었던 팝송  The Kid LAROI Justin Bieber - Stay [가사해석자막lyrics].3gpp.mp3,10
5 Seconds Of Summer - Lie To Me (Lyrics).3gpp.mp3,10
7 - XMASwu.3gpp.mp3,7
98 쓰레기통 (feat VALHASH) [Official Lyrics Video].3gpp.mp3,7
A Cruel Angels Thesis (残酷な天使のテーゼ)┃Cover by Raon Lee.3gpp.mp3,9
AAA  「さよならの前に」Music Video.3gpp.mp3,9
AAA - 사랑소리와 비 하늘(恋音と雨空)(한글자막).3gpp.mp3,10
actually (걘 아니야).3gpp.mp3,9
AJR - Worlds Smallest Violin (Official Video).3gpp.mp3,10
AKMU - 뱃노래 (Chantey) (Suhyun 수현 Solo) AUDIO.3gpp.mp3,9
AKMUAkdong Musician (악동뮤지션) CHOCOLADY Lyrics [Colour CodedHANROMENG].3gpp.mp3,10
Alaina Castillo - tonight (Official Audio).3gpp.mp3,7
Alan Walker & K-391 - Ignite (Lyrics) ft Julie Bergan & Seungri.3gpp.mp3,10
Alan Walker - All Falls Down (feat Noah Cyrus with Digital Farm Animals).3gpp.mp3,7
Alan Walker - Sing Me To Sleep.3gpp.mp3,10
Alan Walker Sabrina Carpenter & Farruko  - On My Way.3gpp.mp3,7
Alan Walker Sabrina Carpenter & Farruko - On My Way (Ryan Enzed Remix).3gpp.mp3,7
Alan Walker ‒ Lost Control (Lyrics) ft Sorana.3gpp.mp3,8
Allie X - Thats So Us (Official Audio).3gpp.mp3,9
Alok Felix Jaehn & The Vamps - All The Lies (Lyrics).3gpp.mp3,7
Alok x Ella Eyre x Kenny Dope feat Never Dull – Deep Down (Lyric Video).3gpp.mp3,9
Andy Grammer - I Found You (Official Audio).3gpp.mp3,7
Angel With A Shotgun by The Cab [Lyrics].3gpp.mp3,9
Aquaman Official Soundtrack  Everything I Need Film Version - Skylar Grey  WaterTower.3gpp.mp3,9
Armin van Buuren x Lucas & Steve feat Josh Cumbee - Dont Give Up On Me (Club Mix) [Official Video].3gpp.mp3,10
Ava Max - Not Your Barbie Girl (Lyrics).3gpp.mp3,9
Ava Max - So Am I (Lyrics).3gpp.mp3,10
Avicii - Dear Boy 한글가사.3gpp.mp3,7
Avicii - Waiting For Love.3gpp.mp3,10
Avicii - Wake Me Up (Official Video).3gpp.mp3,10
Axollo - Burn It [NCS Release].3gpp.mp3,7
Axwell Λ Ingrosso - More Than You Know (Official Video).3gpp.mp3,7
back number - エンディング cover.3gpp.mp3,9
back number - 大不正解 (full).3gpp.mp3,7
Backstreet Boys - I Want It That Way (Official HD Video).3gpp.mp3,9
BAP - 대박사건 (Crash) AUDIO w Lyrics.3gpp.mp3,8
Beautiful Pain (아름답고도 아프구나).3gpp.mp3,9
Bebe Rexha - Im A Mess [Official Music Video].3gpp.mp3,10
Because Youre Pretty (예쁘잖아).3gpp.mp3,8
BEO (비오) - 리무진 (Feat MINO) (Prod GRAY) [쇼미더머니 10 Episode 3]ㅣLyrics가사.3gpp.mp3,10
Big Bang - Haru Haru (하루 하루) [HangulRomanizationEnglish] Color & Picture Coded HD.3gpp.mp3,8
BIG Naughty (서동현) - Joker (Feat JAMIE) [Bucket List]ㅣLyrics가사.3gpp.mp3,9
BIG Naughty (서동현) - Vancouver [Lovey Dovey]ㅣLyrics가사.3gpp.mp3,10
BIG Naughty (서동현) - 정이라고 하자 (Feat 10CM) [정이라고 하자]ㅣLyrics가사.3gpp.mp3,10
Big Shaq  - Mans Not Hot Lyrics.3gpp.mp3,9
BIGBANG - 봄여름가을겨울 (Still Life) MV.3gpp.mp3,10
BLACKPINK - Lovesick Girls MV.3gpp.mp3,7
Blade & Soul OST  -  바람이 잠든 곳으로 cover.3gpp.mp3,10
Blue.3gpp.mp3,8
Bobby - Runaway + Colour Coded Lyrics HanRomEng.3gpp.mp3,9
BTOB 4U (비투비 포유) - Show Your Love Lyrics (Color Coded_Han_Rom_Eng).3gpp.mp3,7
BTS (방탄소년단) - Dynamite┃Cover by Raon Lee.3gpp.mp3,9
BTS (방탄소년단) Dynamite Official MV.3gpp.mp3,9
BTS (방탄소년단) Spring Day (봄날) 🌸 Lyrics [Color Coded Han_Rom_Eng].3gpp.mp3,8
BTS - Blood Sweat & Tears (방탄소년단 - 피 땀 눈물) [Color Coded LyricsHanRomEng가사].3gpp.mp3,10
Burak Yeter - California feat Nino Lucarelli (Official Lyric Video).3gpp.mp3,8
Cascada - Bad Boy (lyrics).3gpp.mp3,7
Chainsaw Man - Ending 2 Full『Time Left』by ZUTOMAYO.3gpp.mp3,7
Charlie Puth - Attention [Official Video].3gpp.mp3,10
Charlie Puth - Empty Cups [Official Audio].3gpp.mp3,10
Childish Gambino - Redbone [가사해석번역].3gpp.mp3,7
christina perri - you mean the whole wide world to me.3gpp.mp3,9
Clean Bandit - Rockabye (한국어 가사해석자막).3gpp.mp3,9
CNBLUE - LOVE.3gpp.mp3,7
CNBLUE Love Cut Lyrics 씨엔블루 싹둑 가사.3gpp.mp3,9
Coldplay - Everglow (한국어 자막해석가사).3gpp.mp3,9
Coldplay - Hymn For The Weekend (Official Video).3gpp.mp3,7
DAOKO × 米津玄師『打上花火』MUSIC VIDEO.3gpp.mp3,7
Darin - Be What You Wanna Be [ lyric ].3gpp.mp3,9
Dean - D (Half Moon) ft Gaeko.3gpp.mp3,7
DEAN - instagram.3gpp.mp3,8
DETECTIVE CONAN ED 35 - Hello Mr My Yesterday┃Raon Lee x E Hyuk.3gpp.mp3,9
DIA (다이아) – Will you go out with me (나랑 사귈래) Lyrics (HanRomEngCOLOR CODED).3gpp.mp3,10
DNCE - Cake By The Ocean.3gpp.mp3,8
Doja Cat - Say So (Official Video).3gpp.mp3,9
dosii - lovememore.3gpp.mp3,9
Dua Lipa & BLACKPINK - Kiss and Make Up (Official Audio).3gpp.mp3,7
Earth Wind & Fire - Lets Groove (Official HD Video).3gpp.mp3,7
Ed Sheeran - I See Fire (Music Video).3gpp.mp3,7
Ed Sheeran - South of the Border (feat Camila Cabello & Cardi B) [Official Lyric Video].3gpp.mp3,7
Eiffel 65 - Blue (KNY Factory Remix).3gpp.mp3,7
Elle Varner - Only Wanna Give It To You ft J Cole.3gpp.mp3,7
Em Beihold - Numb Little Bug (Piano Version) (Official Video).3gpp.mp3,10
Etham (에담) - 1245 [가사해석번역자막].3gpp.mp3,10
Every Time We Touch (Cascada) - POP PUNK COVER by Jonathan Young.3gpp.mp3,7
Exit Sign - Kah-Lo (FIFA 21 Official Volta Soundtrack).3gpp.mp3,8
Fall In Love (Fall In Love).3gpp.mp3,8
Flashback (Flashback).3gpp.mp3,7
Florina - Va va vis.3gpp.mp3,7
flos　歌ってみた　【いゔどっと】.3gpp.mp3,9
Fly Me To The Moon - Lofi Cover (Prod YungRhythm).3gpp.mp3,7
Fujii Kaze - Kirari (Official Video).3gpp.mp3,8
Galantis - San Francisco feat Sofia Carson (Official Music Video).3gpp.mp3,9
Galaxy.3gpp.mp3,8
Gdragon  This Love (Korean Version).3gpp.mp3,10
GO HIGH Remix -  루피 오왼 창모 우원재 더 콰이엇 (Prod by CODE KUNST).3gpp.mp3,10
Heart Shaker.3gpp.mp3,10
Heize (헤이즈) - 돌아오지마 (Feat 용준형 Of BEAST 비스트).3gpp.mp3,7
HeMeets - 01 Cecil Hotel 세실호텔 (Official Audio) with lyric.3gpp.mp3,10
HeMeets - 05 곡부득이소정가(Official Audio) with lyric.3gpp.mp3,10
Hokkaido 《北海道之小樽日记》.3gpp.mp3,8
Howls Moving Castle - Merry go round of Life cover but with vocals by YAØ.3gpp.mp3,8
Hwang Minhyun [황민현] Of NUEST [뉴이스트] - UNIVERSE (별의 언어) Lyrics가사 [HanRomEng].3gpp.mp3,8
I Love U Oh Thank U (Feat 김태우).3gpp.mp3,9
I Still Love You (추억은 만남보다 이별에 남아).3gpp.mp3,7
I think you’re not missing me (넌 내가 보고 싶지 않나 봐).3gpp.mp3,7
If You Were a Woman x Barbie Girl x Not Your Barbie Girl x Around the World x My Head & My Heart.3gpp.mp3,10
ILIRA - EXTRA FR!ES (Lyrics).3gpp.mp3,9
Into Bloom (피었습니다 (Into Bloom)).3gpp.mp3,9
It Must Have Been Love(사랑했나봐) - Jang Hye Jin [HanRomEng].3gpp.mp3,10
IU (아이유) – Jam jam (잼잼) Lyrics (HanRomEng).3gpp.mp3,10
Jami Soul - She (Morello Malt Remix)  Music Hot This Week  抖音  TikTok.3gpp.mp3,9
Jamiroquai - Virtual Insanity (Official 4K Video).3gpp.mp3,8
Joel Adams - Please Dont Go (Lyrics).3gpp.mp3,10
John K - parachute (One-take Music Video).3gpp.mp3,7
Jonas Blue - Rise ft Jack & Jack (Official Video).3gpp.mp3,8
Jonas Brothers - Sucker (Official Video).3gpp.mp3,7
Jungkook (BTS) Still With You Lyrics.3gpp.mp3,8
K-391 - Lighthouse (Lyrics Video).3gpp.mp3,8
KEY 키 I Wanna Be (Feat 소연 of (여자)아이들) MV.3gpp.mp3,10
KICK BACK.3gpp.mp3,10
King Gnu - 白日.3gpp.mp3,7
King Gnu - 逆夢.3gpp.mp3,7
KSHMR & Marnik (ft The Golden Army) - SHIVA (Sunburn 2017 Anthem) [Official Audio].3gpp.mp3,8
KSHMR & Marnik - Bazaar (Official Sunburn Goa 2015 Anthem) [Official Music Video].3gpp.mp3,10
KSHMR - Magic [Official Audio].3gpp.mp3,8
KSHMR - My Best Life (feat Mike Waters) [Official Lyric Video].3gpp.mp3,8
Lauv - Never Not 한글가사해석.3gpp.mp3,10
Loote - are you sure (Audio).3gpp.mp3,10
Major Lazer & DJ Snake - Lean On (feat MØ) (Official Music Video).3gpp.mp3,10
Major Lazer - Blow That Smoke (Feat Tove Lo) (Brazil Edition).3gpp.mp3,7
Major Lazer - Cold Water (feat Justin Bieber & MØ) (Official Lyric Video).3gpp.mp3,10
Major Lazer – Light it Up Remix (feat Nyla & Fuse ODG) (Music Video) by Method Studios.3gpp.mp3,7
MAKJ & Timmy Trumpet - Party Till We Die feat Andrew WK.3gpp.mp3,10
Maroon 5 - Maps (Lyric Video).3gpp.mp3,8
Maroon 5 - Memories (한글 가사 해석).3gpp.mp3,8
Martin Garrix & Julian Jordan - Glitch (Official Video).3gpp.mp3,10
Martin Garrix & Justin Mylo - Burn Out (Official Video) feat Dewain Whitmore.3gpp.mp3,7
merrymerryseoul - 바보야 (by 에이민) (Prod H!).3gpp.mp3,10
Mike Parr ft Leeah COE - Turn It Up (COE Remix).3gpp.mp3,10
Mike Perry - The Ocean (ft Shy Martin) [Lyrics CC].3gpp.mp3,7
Mike Williams - Rocket (Official Audio).3gpp.mp3,8
Mike Williams - Wait For You (feat Maia Wright) [Official Music Video].3gpp.mp3,9
Mike Williams x Mesto - Wait Another Day (Official Music Video).3gpp.mp3,9
Minit - 2021 (Feat AVOKID (에이보키드) BIG Naughty (서동현)) [2021]ㅣLyrics가사.3gpp.mp3,7
Mokita - London (Lyrics).3gpp.mp3,9
MOM (엠오엠) - Foolish Love [바라만 본다] MSG워너비 [놀면 뭐하니] Color Coded Lyrics가사 [HanRomEng].3gpp.mp3,7
MØ Diplo - Sun In Our Eyes.3gpp.mp3,10
NCT 127 vs 여자친구 (GFRIEND) - 영해웅야 (英海雄野 Sunrise Kick) (feat Leslie Cheung) (JEB Mashup).3gpp.mp3,8
New Hope Club Danna Paola – Know Me Too Well (한글 자막가사번역가사해석lyrics).3gpp.mp3,7
NF - When I Grow Up (가사자막해석).3gpp.mp3,9
NFlying (엔플라잉) – FLOWER FANTASY.3gpp.mp3,9
Nightcore - Take You To Hell (Ava Max) - (Lyrics).3gpp.mp3,10
Nightcore - 夢と葉桜  Yume To Hazakura「 ヲタみん  Wotamin Cover 」Original song by 青木月光  Aoki Gekkoh.3gpp.mp3,8
NITEMAYOR - Vampire (Official Video).3gpp.mp3,9
NoNo (Feat 사이먼 도미닉 Simon Dominic) (Prod 코드 쿤스트 CODE KUNST).3gpp.mp3,9
Obsessions - Ramin feat Adilynn [Indie Pop Music].3gpp.mp3,7
One Direction - Night Changes (Lyrics).3gpp.mp3,8
One Direction - What Makes You Beautiful (Official Video).3gpp.mp3,9
OneRepublic - Counting Stars (Official Music Video).3gpp.mp3,9
Outlaws of Love.3gpp.mp3,10
Owl City & Carly Rae Jepsen - Good Time (Official Video).3gpp.mp3,10
Perfect - Ed Sheeran (Lyrics).3gpp.mp3,7
pH-1 키드밀리(Kid Milli) 루피(Loopy) - Good Day (Feat 팔로알토) (Prod 코드 쿤스트).3gpp.mp3,8
Pitbull - Timber Ft Keha  (가사번역).3gpp.mp3,9
Post Malone - I Like You (A Happier Song) w Doja Cat [Official Music Video].3gpp.mp3,8
Red Velvet 레드벨벳 Queendom MV.3gpp.mp3,10
Rival x Cadmium - Seasons (feat Harley Bird) [Futuristik & Whogaux Remix] [NCS Release].3gpp.mp3,9
Rixton - Me and My Broken Heart (Official Video).3gpp.mp3,10
Robin Hustin x TobiMorrow - Light It Up (feat Jex) [NCS Release].3gpp.mp3,7
SACRIFICE - Chloë Black (FIFA 21 Official Soundtrack).3gpp.mp3,8
Safe & Sound feat The Civil Wars (The Hunger Games Songs From District 12 And Beyond).3gpp.mp3,8
Sam Smith - Fire On Fire (From Watership Down).3gpp.mp3,9
Secret Garden (비밀의 화원).3gpp.mp3,8
Seum Dero Ellen Louise - Tell Me (Lyric Video).3gpp.mp3,9
SG워너비  - 아리랑(4인버전) [Color Coded_Han_Rom_Eng]  김진호 이석훈 김용준 채동하 SG워너비 아리랑김진호이석훈김용준.3gpp.mp3,9
Shawn Mendes - Where Were You In The Morning (lyrics).3gpp.mp3,8
Sia - Move Your Body (Alan Walker Remix - Official Audio).3gpp.mp3,7
Sick Enough to Die (Feat Mellow).3gpp.mp3,8
Silver (USA) - Wham Bam Shang-A-Lang [가사해석번역].3gpp.mp3,9
Smith & Thell feat Swedish Jam Factory - Forgive Me Friend (Official Video).3gpp.mp3,8
sokodomo - 회전목마 (Feat ZionT 원슈타인) (Prod Slom) [쇼미더머니 10 Episode 2]ㅣLyrics가사.3gpp.mp3,9
Something Just Like This Tik Tok Remix 花臂轩.3gpp.mp3,7
Spring day goes (봄날은 간다).3gpp.mp3,7
Starry Eyed.3gpp.mp3,8
Sting - Englishman In New York.3gpp.mp3,9
Stray Kids vs Mike Cervello - 神메뉴 (The Birth Of Gods Menu) (feat Daler Mehndi) (JEB Edit).3gpp.mp3,7
summertime (cinnamons × evening cinema) ／ダズビー x ドンダンCOVER.3gpp.mp3,7
Talking to the Moon.3gpp.mp3,7
Taylor Swift - Never Grow Up 한글가사해석.3gpp.mp3,7
THAT GIRL (THAT GIRL).3gpp.mp3,8
That Girl - Olly Murs (Unofficial Video).3gpp.mp3,7
The Chainsmokers & Coldplay - Something Just Like This (Lyric).3gpp.mp3,9
Ticket To Ride - KAWALA  (FIFA 21 Official Soundtrack).3gpp.mp3,9
Tiësto & KSHMR feat Vassy - Secrets (Official Music Video).3gpp.mp3,10
TOIL - 다시 걸을 때 (Feat 헤이즈 BIG Naughty) [Between Sat & Sun]ㅣLyrics가사.3gpp.mp3,9
TOIL Kid Wine - 네 옆에 그 사람은 내가 아닌 다른사람ㅣLyrics가사.3gpp.mp3,10
Treat You Better- Shawn Mendes (Lyrics).3gpp.mp3,9
TWICE (트와이스) YES OR YES (Color Coded EngRomHan가사).3gpp.mp3,10
Tyron Hapi Ft Mimoza - Anyway (Official Lyric Video).3gpp.mp3,8
Uchiagehanabi.3gpp.mp3,10
Vicetone - South Beach.3gpp.mp3,8
Vicetone feat Kat Nestel - Angels (Official Video).3gpp.mp3,10
VILLAIN DIES.3gpp.mp3,9
Way Back Home.3gpp.mp3,9
When It Rains In Night (밤에 비가 내리면).3gpp.mp3,9
WINNER - ISLAND MV.3gpp.mp3,7
WINNER - REALLY REALLY MV.3gpp.mp3,7
WINNER - ‘I LOVE U’ MV.3gpp.mp3,9
WITH YOU (NGẪU HỨNG)  HOAPROX NICK STRAND & MIO  OFFICIAL MV.3gpp.mp3,10
Wiz Khalifa - See You Again ft Charlie Puth [Official Video] Furious 7 Soundtrack.3gpp.mp3,10
yama - 春を告げる (Official Video).3gpp.mp3,7
Years & Years MNEK - Valentino (Official Video).3gpp.mp3,7
YOASOBI - 夜に駆ける  THE HOME TAKE.3gpp.mp3,10
YOASOBI - 夜に駆ける (Yoru ni Kakeru)┃Cover by Raon Lee.3gpp.mp3,9
YOASOBI「たぶん」Official Music  Video.3gpp.mp3,8
Zedd Alessia Cara - Stay (Lyric Video).3gpp.mp3,9
Zedd Maren Morris & BEAUZ - Make You Say 한글가사.3gpp.mp3,8
zoodasa painkiller (Ruel).3gpp.mp3,7
[ 3D 입체음향 ] King Gnu - 역몽(逆夢) 「자막완료!」.3gpp.mp3,9
[ 가사 해석 ] 할츠 앤 컬러스 (Hearts & Colors) - LA On A Saturday Night ｜ 자막 채널 루나 ☪︎.3gpp.mp3,9
[3D Sound] SoHyang (소향)  -  Sweet dream My dear (LOST ARK - Elgasia OST) 🎧.3gpp.mp3,8
[3D입체음향] Aimer -  Last Stardust [자막고음질].3gpp.mp3,7
[AUDIO] B1A4 (산들Solo) - 짝사랑.3gpp.mp3,8
[Audio] OOHYO (우효) - Vineyard (빈야드).3gpp.mp3,7
[cover] vivi  PARED.3gpp.mp3,8
[cover] 夜もすがら君想ふ  PARED.3gpp.mp3,9
[cover] 大不正解  PARED.3gpp.mp3,7
[cover] 天ノ弱  PARED.3gpp.mp3,8
[cover] 幽霊東京 yama.3gpp.mp3,8
[Cover] 월광(月光) - Yui Ver [원곡 - 오니츠카 치히로  原曲 - 鬼束ちひろ].3gpp.mp3,8
[ENG SUB] [놀면 뭐하니 후공개] SG 워너비 - 내 사람 풀영상 (Hangout with Yoo - MSG Wannabe YooYaHo).3gpp.mp3,9
[ENG SUB] [놀면 뭐하니 후공개] SG워너비 - Timeless 풀영상 (Hangout with Yoo - MSG Wannabe YooYaHo).3gpp.mp3,10
[ENGESPHANGUL] Giriboy (기리보이) - 그 정도 쯤이야 (So so).3gpp.mp3,8
[ENGESPHANGUL] Giriboy (기리보이) feat 프롬 - 우결 (We Got Married).3gpp.mp3,9
[ENG] SMTM9 [6회풀버전] VVS - 머쉬베놈 X 미란이 @음원 배틀 Full ver EP6 201120.3gpp.mp3,10
[FMV] 고백 (Confession 영화 동감 OST) 김지우(Chuu).3gpp.mp3,10
[KOREA DJ ] VANDAL ROCK - Worth It (Original Mix).3gpp.mp3,7
[LG 벨벳 광고 음악] Johnny Stimson - Gimme Gimme [가사해석자막].3gpp.mp3,10
[MASHUP] 죽을 만큼 아픈 우연_MC몽 & 헤이즈 (죽을 만큼 아파서 X 헤픈 우연) (Extended) (KOEN).3gpp.mp3,10
[MIX & MAX] Break My Heart Myself covered by ITZY YEJI & RYUJIN (예지 & 류진) (4K).3gpp.mp3,9
[MV] 10CM _ Gradation(그라데이션).3gpp.mp3,8
[MV] BEO(비오) _ Complex(자격지심) (Feat ZICO).3gpp.mp3,7
[MV] Choi Yu Ree(최유리) - 잘 지내자 우리.3gpp.mp3,10
[MV] Heize(헤이즈) - Youre Cold (더 많이 사랑한 쪽이 아프대).3gpp.mp3,9
[MV] HIGH4 IU(하이포 아이유) _ Not Spring Love or Cherry Blossoms(봄사랑벚꽃 말고).3gpp.mp3,8
[MV] Jeong Eun Ji(정은지) _ Hopefully sky(하늘바라기) (Feat 하림).3gpp.mp3,9
[MV] Kim Tae Wook(김태욱) _ You live in my heart(김태욱의 마음에는 그대가 살고 있나봐) (한강 ver).3gpp.mp3,7
[MV] Lee Ju Hyuk(이주혁) _ Meet you at the Laundromat(세탁소에서 만나요).3gpp.mp3,9
[MV] LUCY _ Flowering(개화).3gpp.mp3,7
[MV] MAMAMOO(마마무) _ Dingga(딩가딩가).3gpp.mp3,8
[MV] MC MONG(MC몽) _ Love mash(사랑 범벅) (Feat Chancellor(챈슬러) of the channels).3gpp.mp3,10
[MV] NORAZO(노라조) - SHOWER(샤워).3gpp.mp3,10
[MV] PENTAGON(펜타곤) _ Shine(빛나리).3gpp.mp3,8
[MV] RYEOWOOK(려욱) _ Starry Night(별이 쏟아지는 밤).3gpp.mp3,9
[MV] SEVENTEEN(세븐틴) - 울고 싶지 않아 (Dont Wanna Cry).3gpp.mp3,9
[MV] Yang Da Il (양다일) _ lie (미안해).3gpp.mp3,9
[MV] 수지(Suzy) 백현(BAEKHYUN) - Dream.3gpp.mp3,9
[MV]미스터 션샤인 OST Part 7 하현상 - 바람이 되어 뮤직비디오 미스터션샤인  Mr Sunshine EP11  tvN 180811 방송.3gpp.mp3,7
[MV]은가은 - 슬픈 바람 (밤을 걷는 선비 Part 2) kpop ost kdrama.3gpp.mp3,8
[Official Audio] 양지은 - 운명처럼 다시 오세요 (금혼령 X 양지은).3gpp.mp3,9
[Official] TP RETRO (타디스 프로젝트) - 오늘도 그대만 (Feat 정동원) (Even Today Only You).3gpp.mp3,9
[PRODUCE 48] Memory Fabricators (기억 조작단) - 너에게 닿기를 (To reach you) [HANROMENG Color Coded Lyrics].3gpp.mp3,9
[Tik Tok] She -Jami Soul  NVS MUSIC OFFICIAL.3gpp.mp3,7
[告白气球]주걸륜히트곡고백풍선(가사 병음 한글자막).3gpp.mp3,8
[有何不可]귀여운 짝사랑노래 안될게 뭐 있어(가사 병음 한글자막).3gpp.mp3,10
[有点甜]중국에서 최고로 달달한 사랑노래달콤해(가사 병음 한글자막).3gpp.mp3,7
[欲言又止]아련한 사랑노래 말하려다 멈췄어(가사 병음 한글자막).3gpp.mp3,10
[盗将行]유명한 중국사극풍노래도둑장군(가사병음한글자막).3gpp.mp3,9
[繁星四月]투즈야히트곡별이 많은 4월(가사병음한글자막).3gpp.mp3,9
[가사 번역] 브루노 마스 (Bruno Mars) - The Lazy Song.3gpp.mp3,10
[가사] 정승환 (Jung Seung Hwan) - 눈사람 (The Snowman).3gpp.mp3,8
[가사] 주니엘 편지  조금 어른이 된 너와 내가 그곳에 당연한 듯이 함께 서 있기를 (JUNIEL - Letter).3gpp.mp3,10
[가사해석] Loote - Tomorrow Tonight.3gpp.mp3,8
[놀면 뭐하니 후공개] MSG 워너비 TOP8 블라인드 오디션 풀영상 [정기석 - 좋니] (Hangout with Yoo - MSG Wannabe YooYaHo).3gpp.mp3,9
[놀면 뭐하니 후공개] MSG 워너비 최종경연 무대 풀영상 [정상동기 - 체념]  (Hangout with Yoo - MSG Wannabe YooYaHo).3gpp.mp3,10
[놀면 뭐하니] 다시 듣고 싶은 경연곡 1위! 아차산 ＜인형＞ ♬ MBC 210710 방송.3gpp.mp3,10
[로스트아크｜OST] Sweet Dreams My Dear - 소향(SoHyang) (Ver Kor) LOST ARK Official Soundtrack.3gpp.mp3,10
[리믹스] Mood & Way Back Home - 24kGoldn & SHAUN.3gpp.mp3,10
[미스터 션샤인 OST] 멜로망스 - 좋은 날 (Good Day) COVER.3gpp.mp3,9
[사극Ver] 내 마음의 사진 (사랑의 불시착 OST).3gpp.mp3,7
[세로라이브] 이적 - 나침반.3gpp.mp3,10
[옌커버YEN COVER] 린 - 시간을 거슬러 (해를 품은 달 ost) Covered by YEN  한복입고 💕.3gpp.mp3,10
[옷소매붉은끝동] OST 이선희 ＂그대 손 놓아요＂(Full ver) MBC 220101 방송.3gpp.mp3,10
[우타이테 3D입체음향] 구루타밍X유이콘누-이 실없이 멋진 세계는 나를 위해 있어 [PV자막].3gpp.mp3,8
[우타이테 3D입체음향] 메가테라제로-아침을 마시다 [자막고음질].3gpp.mp3,10
[이어폰소름] 꼭두각시 피에로 (からくりピエロ).3gpp.mp3,9
[일본어 해석] 기리보이 - 호구 (Feat 브라더수) (Prod Fisherman of wybh) [호구]│가사 Lyrics.3gpp.mp3,8
[직키픽🔥🔥🔥] 제발 한 번만 잡솨봐😭😭 Tom Grennan - Something Better (2020) [가사번역].3gpp.mp3,9
[진격의 거인 4기 2쿨 엔딩 full] 악마의 아이 (가사발음해석) ヒグチアイ「悪魔の子」.3gpp.mp3,9
[침대점령] 심규선 (Lucia) - 아라리 COVER.3gpp.mp3,9
[팝송] Chris James - Make The Move(한글가사해석lyrics).3gpp.mp3,10
[한국어 번역 발음] Uma to Shika (말과 사슴) - 요네즈 켄시.3gpp.mp3,10
[한글자막] 교복 입은 펑티모 불계소녀(佛系少女) 연봉 100억 BJ의 달달한 미소.3gpp.mp3,7
[한글자막]아이묭 - 사랑을 전하고 싶다던가 라이브 (あいみょん - 愛を伝えたいだとか LIVE).3gpp.mp3,10
[𝐌𝐕] 신지훈_시가 될 이야기.3gpp.mp3,7
리쌍 (LeeSSang) Feat ALi - 발레리노 (Ballerino) Official MV.3gpp.mp3,10
사랑했나봐 - Yoon Do-Hyun (English Cover).3gpp.mp3,7
애인 만들기 (Making A Lover) - SS501  Cover by Chris Andrian Yang.3gpp.mp3,8
✨ 사계각가 [ 四季刻歌 ] - Kurousagi Uru  한글번역  고음질.3gpp.mp3,10
✨틱톡에서 히트친 중국 노래✨ 평범하게 네 곁에 있고 싶어 - 왕치치 한국어 COVER by 커버리스트.3gpp.mp3,7
❤️‍🩹내 미래였는데 과거가 되어버린 너  Peder Elias - When I’m Still Getting Over You (ft Paige) [가사해석].3gpp.mp3,10
「YOASOBI - 夜に駆ける」をアレンジしてベース弾いてみた （Bass cover）.3gpp.mp3,8
「サムライハート 사무라이하트 Some Like It Hot!!  SPYAIR 」│Cover by Darlim&Hamabal.3gpp.mp3,8
「夜に駆ける」- YOASOBI Band Cover.3gpp.mp3,8
「海の声」 フルver  浦島太郎（桐谷健太） 【公式】.3gpp.mp3,10
「香水  瑛人 」 │Cover by Darlim&Hamabal.3gpp.mp3,7
【 4K  R&B 】 『 夜に駆ける 』 ( 밤을 달리다 ) - YOASOBI - 【韓日字幕  한일자막】.3gpp.mp3,7
【 꽃감이  】 - 『 사랑하긴 했었나요 스쳐가는 인연이었나요 짧지않은 우리 함께했던 시간들이 자꾸 내 마음을 가둬두네 ( Baby I need you ) 』 ( cover ).3gpp.mp3,7
【 꽃감이 】 - 『 호랑수월가 ( Horangsuwolga ) 』 ( cover ).3gpp.mp3,9
【96猫】ツギハギスタッカートを歌ってみた.3gpp.mp3,7
【HD】愛在雨過天晴時  戀如雨止 ED - Aimer - Refrain【中日字幕】.3gpp.mp3,7
【MV】春に揺られど君想う feat こぴ  コバソロ.3gpp.mp3,7
【nameless】ミュージックミュージック　歌ってみた。.3gpp.mp3,8
【そんなふいんきで歌ってみた】だれかの心臓になれたなら【ぐるたみん】.3gpp.mp3,8
【パプリカ】ダンス ミュージックビデオ  Foorin×米津玄師  NHK.3gpp.mp3,8
【女性が歌う】 感電／米津玄師【アカペラ】.3gpp.mp3,8
【女性が歌う】キセキ GReeeeN (cover by 近藤真由).3gpp.mp3,10
【女性が歌う】パプリカFoorin米津玄師(Covered by コバソロ&こぴ).3gpp.mp3,9
【女性が歌う】別の人の彼女になったよ  wacci(Covered by コバソロ & 相沢).3gpp.mp3,10
【男性が歌う】 夜に駆けるメドレー／YOASOBI (アカペラcover).3gpp.mp3,8
【팝송】 나탈리 그러지 마 RAYE - Natalie Don’t (한글가사해석lyrics).3gpp.mp3,7
【팝송으로 배우는 중국어】 사랑의 마법(爱的魔法).3gpp.mp3,8
いのちの名前 (木村弓) arranged 2021ver／ダズビー COVER.3gpp.mp3,8
ずっと真夜中でいいのに。『MILABO』MV（ZUTOMAYO - MILABO）.3gpp.mp3,7
ずっと真夜中でいいのに。『お勉強しといてよ』MV（ZUTOMAYO - STUDY ME）.3gpp.mp3,9
ずっと真夜中でいいのに。『勘ぐれい』MV（ZUTOMAYO - Hunch Gray）.3gpp.mp3,8
ずっと真夜中でいいのに。『勘冴えて悔しいわ』MV (ZUTOMAYO - Kansaete Kuyashiiwa).3gpp.mp3,9
ただ声一つ(그저 목소리 하나) - ロクデナシ(로쿠데나시) 일본어 독음 가사.3gpp.mp3,8
だれかの心臓になれたならのラップバージョン【ユリイ・カノン】.3gpp.mp3,8
ちゃんみな - ハレンチ (Official Music Video) -.3gpp.mp3,8
もう寂しくなんかないの【洋楽和訳】Not Sad Anymore Clara Mae.3gpp.mp3,8
ヨルシカ - ただ君に晴れ (MUSIC VIDEO).3gpp.mp3,7
ヨルシカ - だから僕は音楽を辞めた (Music Video).3gpp.mp3,10
ヨルシカ - 春泥棒（OFFICIAL VIDEO）.3gpp.mp3,8
ヨルシカ - 雨とカプチーノ(Official Video).3gpp.mp3,8
ヨルシカ(요루시카) - 花人局(꽃의 미인계)[한국어 가사번역].3gpp.mp3,10
ロクデナシ「ただ声一つ」 Rokudenashi - One Voice【Official Music Video】.3gpp.mp3,8
冯提莫 -  胜屿 (完整版) - AuroraCực quang - Phùng Đề Mạc.3gpp.mp3,10
冯提莫《勾指起誓》.3gpp.mp3,8
冯提莫《爱的魔法》.3gpp.mp3,7
冯提莫回忆串烧：童话+痴心绝对+孤单北半球+遗失的美好.3gpp.mp3,8
冯提莫翻唱周深《大鱼》.3gpp.mp3,10
劉增瞳 - 你從不知道【動態歌詞】.3gpp.mp3,10
十豆彡 - 这就是爱吗【動態歌詞Lyrics Video】.3gpp.mp3,7
司南 - 冬眠【動態歌詞Lyrics Video】.3gpp.mp3,9
和ぬか - 寄り酔い  와누카 - 취기  요리요이  Tipsy  한국어+발음+가사  full ver.3gpp.mp3,10
夜に駆ける  YOASOBI ギター弾いてみた Guitar Cover.3gpp.mp3,10
夜撫でるメノウ全糖の少女-L1VETRemix.3gpp.mp3,9
如果的事-Superluckyqi(만약의 일-Superluckyqi) 가사 해석 [여과적사].3gpp.mp3,10
寄り酔い (和ぬか) acoustic arrange ver／ダズビー COVER.3gpp.mp3,9
张远 - 嘉宾【韩文版 Korean version】｜COVER 豹子男｜OUBA MUSIC.3gpp.mp3,7
我一点都不想你-BigYear大年(너 하나도 안 보고 싶어-BigYear大年) 가사 해석.3gpp.mp3,10
我们的爱+千年之恋+Lydia+我要飞+你的微笑 (冯提莫翻唱飞儿乐团歌曲专场).3gpp.mp3,8
杨胖雨 - 这就是爱吗【動態歌詞Lyrics Video】.3gpp.mp3,10
泣きながら「心做し」歌ってみた Piano ver【こはならむ】.3gpp.mp3,10
王七七 - 來到我的城市  ✤那就來到我的城市異地真的不好過✤【高音質動態歌詞Lyrics】【Chinese Music】.3gpp.mp3,7
王七七《月夜》【水怪 Water Monster OST電影插曲】官方高畫質 Official HD MV.3gpp.mp3,7
王七七梨子 - 談戀愛【高音質】.3gpp.mp3,9
王伟丞 - 暖暖 (Cover 梁静茹)【動態歌詞Lyrics Video】.3gpp.mp3,9
王贰浪 - 把回忆拼好给你【動態歌詞Lyrics Video】.3gpp.mp3,7
白日  King Gnu [Covered by GARNiDELiA].3gpp.mp3,10
米津玄師  - Flamingo  Kenshi Yonezu.3gpp.mp3,10
米津玄師  - Lemon  Kenshi Yonezu.3gpp.mp3,9
米津玄師  - orion  Kenshi Yonezu.3gpp.mp3,9
米津玄師 - LOSER  Kenshi Yonezu.3gpp.mp3,9
米津玄師 - パプリカ  Kenshi Yonezu - PAPRIKA.3gpp.mp3,8
米津玄師 - 感電   Kenshi Yonezu - KANDEN.3gpp.mp3,9
米津玄師(요네즈 켄시) MV「아이네 클라이네」(アイネクライネ) 한글 자막.3gpp.mp3,7
米津玄師　MV『vivi』.3gpp.mp3,7
縁 (ヒグチアイ) ／ダズビー COVER.3gpp.mp3,10
胖虎 - 白月光與朱砂痣「白月光在照耀，你才想起她的好」【動態歌詞pīn yīn gē cí】.3gpp.mp3,7
胜屿 - 欧若拉 (翻自 張韶涵 Angela Zhang)【動態歌詞Lyrics Video】.3gpp.mp3,10
零一九零贰 - 忘川彼岸 (DJ名龙版)「我跨過忘川也走過彼岸，期盼她還能夠回頭看」【動態歌詞pīn yīn gē cí】.3gpp.mp3,7
香水    瑛人 (Official Music Video).3gpp.mp3,9
香水  瑛人（キャンプファイヤーセッション🔥🎵Cover）.3gpp.mp3,9
麦小兜 - 下山【動態歌詞Lyrics Video】.3gpp.mp3,10
가사 존나 슬프네🥹  Bruno Mars - When I Was Your Man [가사해석lyrics].3gpp.mp3,7
가슴이 웅장해지는 개띵곡🌑🔥 Unlike Pluto - Everything Black [가사해석lyrics].3gpp.mp3,8
가을 타나 봐 Fall in Fall.3gpp.mp3,9
강산도 앞길을 막지 못하리라 (山止川行 shān zhĭ chuān xíng) - 부차이 (不才)  가사해석 번역 병음 발음 [중국노래  추천].3gpp.mp3,7
결(KYUL) - 가끔 연락하던 애 Someone You Used to Know (with Lyric).3gpp.mp3,8
결(KYUL) - 똑같은 만남 다른 사람 Still the same (Audio updated).3gpp.mp3,7
결(KYUL) - 아픔이 아문 건지 Feel Better.3gpp.mp3,9
경서 - 나의 X에게  가사.3gpp.mp3,8
경서 - 밤하늘의 별을 (2020)  가사.3gpp.mp3,7
경제환 - 니가 돌아올 희망은 없다는 걸 알아 🧨 무조건 뜬다 이노래.3gpp.mp3,8
계속 한밤중이면 좋을 텐데 - 감 그레이 (가사 발음 해석) ずっと真夜中でいいのに。『勘ぐれい』（ZUTOMAYO - Hunch Gray）즛토마요.3gpp.mp3,8
계속 한밤중이면 좋을 텐데 - 뇌리 위의 크래커 (한글자막) [ZUTOMAYO - 脳裏上のクラッカー].3gpp.mp3,10
고백하면 분명 곤란해하겠지✨ 이쿠타 리라(vocal of YOASOBI) - 스파클(スパークル) [가사발음한글 자막해석].3gpp.mp3,10
광화문에서 At Gwanghwamun.3gpp.mp3,8
괜찮아 모든 게 잘 풀릴 거야  𝗟𝗮𝘂𝘃 - 𝗖𝗵𝗮𝗻𝗴𝗲𝘀 [가사해석자막lyrics].3gpp.mp3,10
구루타밍 only my railgun(자체자막O).3gpp.mp3,10
구름같은 다정함으로 안아줄게🌼 아이묭 - 마리골드(marigold) [가사발음해석].3gpp.mp3,9
귀멸의 칼날 극장판무한열차 ED 【炎】- LiSA 한글자막.3gpp.mp3,9
귀여운 사랑 노래 《사랑은 바로 너야 (爱的就是你  Love is you) 》 COVER by Fengtimo.3gpp.mp3,8
귀염귀염열매 능력자 펑티모가 부르는 《고백풍선  告白气球》 주걸륜의 스윗한 노래 COVER by Fengtimo 冯提莫.3gpp.mp3,10
그 사랑에서 도망쳐💙 와누카(和ぬか) - 사랑의 도주(ラブの逃走) [가사발음한글 자막해석].3gpp.mp3,10
그녀는 무엇을 생각하고 있을까🥀 아이묭 - 살아왔던거구나(生きていたんだよな) [가사해석발음].3gpp.mp3,10
그대여 (公子呀 공자하) - 딴종 (蛋总 단총)  가사해석 번역 병음 발음 [중국노래  틱톡].3gpp.mp3,8
그때 그 아인 (Someday The Boy).3gpp.mp3,8
그땐 그땐 죽을 만큼 헤픈 우연 - 슈프림팀 & MC몽 & 헤이즈.3gpp.mp3,9
그림자에서도 네가 보이는 걸🌙 아이묭 - 사랑을 했으니까(恋をしたから) [가사한글 발음한국어 자막 해석].3gpp.mp3,10
기리보이 (Giriboy) - 을 (Feat BlG Naughty (서동현))ㅣLyrics가사.3gpp.mp3,9
김대명 - 가을 우체국 앞에서 (슬기로운 의사생활2 OST PART02)  가사.3gpp.mp3,9
김승민 - 수월경화(水月鏡花) (Feat Milena) [수월경화(水月鏡花)]ㅣLyrics가사.3gpp.mp3,7
꽃 길 (Flower Road).3gpp.mp3,8
꽃다운 여인 (夭娘 yāo niáng) - 쓰난 (司南).3gpp.mp3,10
끼부리지마 (Dont Flirt).3gpp.mp3,10
나라를 기울어지게 할 만큼의 미인 붉은 말.3gpp.mp3,9
나루토 16기 op - 실루엣  아마츠키 커버.3gpp.mp3,10
나를 갖고 놀아도 어떡해 The Vamps - Just My Type (2018) [가사해석].3gpp.mp3,7
난 너를 - 김필.3gpp.mp3,8
내 영화의 주인공이 되어줄래🎬 115만 킬로의 필름 - 오피셜히게단디즘 [가사발음해석].3gpp.mp3,10
내가 가장 사랑했던 너에게 Lukas Graham - Happy For You [가사해석번역lyrics].3gpp.mp3,7
내일 세계가 끝난대🌏  요아소비 - 앙코르(アンコール) [가사한글 발음해석].3gpp.mp3,10
내일의 밤하늘 초계반 (アスノヨゾラ哨戒班) ／ Akie秋絵x夏璃夜.3gpp.mp3,8
너가 좋은사람이 되길 바랬던 내가 나쁜걸까  Sam Tompkins - Charlie [가사자막해석Lyrics].3gpp.mp3,8
너도 날 진심으로 좋아하는 줄 알았지  Madison Beer - Reckless [가사해석번역lyrics].3gpp.mp3,10
너를 위한 달콤한 굴복  𝑾𝒉𝒚 𝑫𝒐𝒏𝒕 𝑾𝒆 - 𝑭𝒂𝒍𝒍𝒊𝒏 [가사해석자막].3gpp.mp3,7
너를생각해 × way back home.3gpp.mp3,7
너만 있으면 괜찮아🖼️ 스다 마사키 - 틀린그림찾기 (まちがいさがし Machigaisagashi) [가사해석발음].3gpp.mp3,9
너무 늦었지만 잘 지내🌙 아야세(요아소비) - 밤을 위로하는 마노(夜撫でるメノウ) [가사한글 발음해석].3gpp.mp3,8
너에게 돌아갈거야 Selena Gomez - Back To You [가사해석자막lyrics].3gpp.mp3,8
너와 나누고 싶어 (分你一半).3gpp.mp3,8
너의 행복을 위해 모르는 척할게 😂 Alex Sampson - Play Pretend [가사가사해석가사번역lyrics].3gpp.mp3,10
널 지옥으로 데려갈 거야  Ava Max - Take You To Hell [가사해석].3gpp.mp3,8
네가 떠나던 날 (当你走了 당니주료) - 우준 (吾尊 오존)  가사해석 번역 병음 발음 [중국노래  틱톡].3gpp.mp3,7
네가 없는 난 어떡해야 해 (没有你了我怎么办 méi yǒu nǐ le wǒ zěn me bàn) - 가오카이웨이 (高恺蔚).3gpp.mp3,9
노력에 보답받지 못해도❄️ Mrs Green Apple🍏 - 나라는 것(僕のこと) [가사발음한글 자막해석].3gpp.mp3,9
눈꽃처럼.3gpp.mp3,10
다시 사랑한다면 - 김필 ver  cover.3gpp.mp3,9
달빛과 홍조 (白月光与朱砂痣 bái yuè guāng yǔ zhū shā zhì) - 따즈 (大籽).3gpp.mp3,8
달을 보며 너를 기다려🌙 아이묭 - 흔들흔들(yurayura) [가사해석발음].3gpp.mp3,9
달의 궁전 (广寒宫 광한궁) - 완쯔요우 (丸子呦)  가사해석 번역 병음 발음 [중국노래  틱톡].3gpp.mp3,7
더는 상처받지 않을 거야🌙 아이묭 - 히카리모노(Raw Like Sushi) [가사발음해석].3gpp.mp3,7
덤덤한 목소리의 슬픈 가사  얼룩말아 얼룩말아.3gpp.mp3,8
돌아가리라 (归去来兮 귀거래혜) - 화조우 (花粥 화죽)  가사해석 번역 병음 발음 [중국노래  틱톡].3gpp.mp3,8
디지몬 어드벤처 OP- Butterfly 일본 버전 가사.3gpp.mp3,9
떠나고 나서 후회하면 뭐해 향수(香水)EITO(瑛人) 한국어로 불러보았다  「香水」 韓国語で歌ってみた (Full Covered by AHAN) [KORJP SUB].3gpp.mp3,9
또 다시 너와의 첫키스를 원해💋 스다 마사키 - 사요나라 엘레지(さよならエレジー) [가사발음한글 해석].3gpp.mp3,7
러블리즈(Lovelyz) “찾아가세요” Official MV.3gpp.mp3,9
러블리한 펑티모가 부르는 사랑의 마법(Magic Of Love) Lovely Fengtimo 冯提莫-愛的魔法 [한글자막].3gpp.mp3,10
런치 (LUNCH) - Way Back Home (2021) [Music Video].3gpp.mp3,10
레 미제라블OST- 민중의 노래.3gpp.mp3,8
로꼬 (Loco) 화사 (마마무) - 주지마 (Above Live) (ENGCHN).3gpp.mp3,7
리밋 (Limit) - 흔해빠진 영화  가사.3gpp.mp3,9
리부【りぶ】X이토카시타로【伊東歌詞太郎】 신의 뜻대로『神のまにまに』.3gpp.mp3,7
리쌍 (LeeSSang) - 광대  Clowns (With BMK) Official MV.3gpp.mp3,8
리쌍 Leessang   헤어지지 못하는 여자 떠나가지 못하는 남자.3gpp.mp3,7
린 - 시간을 거슬러 X 몽환의 숲 COVER.3gpp.mp3,7
릴보이 (lIlBOI) - CREDIT (Feat 염따 기리보이 ZionT) [쇼미더머니 9 Final]ㅣLyrics가사.3gpp.mp3,10
마크툽 (MAKTUB) - 오늘도 빛나는 너에게(To You My Light)(Feat이라온) Lyrics Video.3gpp.mp3,7
맘에 들어 했으면 해  Zunhozoon - 사람이 사랑하면 안 돼요 (가사).3gpp.mp3,8
메가테라 제로 - 샤를 [シャルル] 한글 자막 (한글화).3gpp.mp3,9
멜라니 마르티네즈 (Melanie Martinez) - Play Date [가사해석lyrics].3gpp.mp3,10
몇 번이라도 너를 되찾을거야🔥 오피셜히게단디즘 - Yesterday [Hello World OST가사해석발음].3gpp.mp3,7
모든 여왕들에게 👑 Ava Max - Kings & Queens [가사해석lyrics].3gpp.mp3,10
못 이긴 척 연락 한 번만 해줘  vaultboy - i think i wanna text u [가사해석한국어lyrics].3gpp.mp3,10
문문 (MoonMoon) - 비행운 (Contrail) HANROMENGJPN Lyrics (Turn on CC).3gpp.mp3,10
문문 (MoonMoon)_ 물감 PAINT [가사 LYRICS] 한국어.3gpp.mp3,7
바람이 잠든 곳으로 - 황후의 노래 (Where the Wind Sleeps - Song of the Empress).3gpp.mp3,9
박경 (Park Kyung) - 자격지심 (Inferiority Complex) (Feat 은하 of 여자친구) MV.3gpp.mp3,9
방황하는 나에게🌀 아이묭 - 안녕을 말하는 오늘에(さよならの今日に) [가사발음해석].3gpp.mp3,9
백아 - 첫사랑.3gpp.mp3,8
백예린 - 산책  가사.3gpp.mp3,8
버들개지 떨어지고 두견새 슬피 우네 (杨花落尽子规啼) - 황슬푸(黄诗扶) G2er.3gpp.mp3,10
벌거벗은 마음 받아줘🍋 아이묭 -  벌거벗은 마음(裸の心 하다카노 코코로)  [가사 발음 해석].3gpp.mp3,9
변요한 - 무이이야(無以異也)  로엘 COVER.3gpp.mp3,7
본토에서 난리났던 조이 배드에스 프리스타일 랩.3gpp.mp3,9
부서질 것 같아도 움직이는 거야✈️ 유우리(優里) - 비행선(hikousen) [가사발음한글 자막해석].3gpp.mp3,9
불꽃놀이 (Fireworks).3gpp.mp3,8
붉은 노을 (Sunset Glow).3gpp.mp3,9
붉은 백합 (火红的萨日朗) - 야오부야오마이차이 (要不要买菜)  가사해석 번역 병음 발음 [중국노래  틱톡].3gpp.mp3,10
브루노 마스 (Bruno Mars) - When I Was Your Man 가사 번역 뮤직비디오.3gpp.mp3,7
블락비 (Block B) - YESTERDAY MV.3gpp.mp3,9
비파행 (琵琶行 pí pá xíng) - 허보어 (河伯).3gpp.mp3,8
빨강 파랑 초록의 이야기🎨 YOASOBI - 삼원색(三原色) [가사발음한글 자막].3gpp.mp3,9
사계절을 너에게 줄게 (四季予你 sì jì yǔ nǐ) - 청시양 (程响).3gpp.mp3,8
사라질 즈음엔 아름다울 거야☔️ 에메(Aimer) - After Rain [가사발음한글 자막해석].3gpp.mp3,9
산들 - 그대 한 사람 (낮에 뜨는 달 X 산들)  가사.3gpp.mp3,9
산들 - 나의 어릴 적 이야기  로엘 COVER.3gpp.mp3,10
산들 - 취기를 빌려 (취향저격 그녀 X 산들)  가사.3gpp.mp3,7
상록수 feat 나래(Narae) - 호랑수월가 (나와 호랑이님 OST) COVER by YEN.3gpp.mp3,9
서랍.3gpp.mp3,8
서자영 최유리 (자리) - 별 헤는 밤.3gpp.mp3,10
서툰 청춘의 사랑고백💌 아이묭(aimyon) - 너는 록을 듣지 않아(kimi wa rock wo kikanai) [가사발음해석].3gpp.mp3,10
성시경 _ 희재 (국화꽃 향기 ost) cover.3gpp.mp3,9
세상이 뒤바뀌는 그 날을 기다려요 (等到世界颠倒 děng dào shì jiè diān dǎo) - 루루콰이비줴이 (卢卢快闭嘴).3gpp.mp3,8
소유 (SOYOU) - Y (Please Tell Me Why)  가사 (Synced Lyrics).3gpp.mp3,8
숀 (SHAUN) - 웨이백홈 (Way Back Home) [Lyric Video].3gpp.mp3,9
숀 - Way back home 랩 cover.3gpp.mp3,8
숀(SHAUN) - 웨이백홈 (WAY BACK HOME) _ COVER VIDEO.3gpp.mp3,7
수퍼비 - 수퍼비와 가사.3gpp.mp3,7
슈프림팀Supreme Team   그땐 그땐 그땐 HD FULL SONG.3gpp.mp3,9
스트레이 (The Stray) - 너 너 (You You) (류민희 COVER) +4key.3gpp.mp3,9
신예영 - 그리워하지도 말고 찾아오지도 마  가사.3gpp.mp3,9
심규선 (Lucia) - 강 COVER.3gpp.mp3,10
심규선 - 아라리 Covered by로엘.3gpp.mp3,9
심규선 - 야래향 夜來香 COVER.3gpp.mp3,8
심규선(Lucia) - 달과 6펜스  로엘 COVER.3gpp.mp3,10
쏘아올린불꽃打上花火 ［Uchiage Hanabi］- DAOKO × 米津玄師 │Cover by 김달림과하마발.3gpp.mp3,10
쏟아지는 저 빛처럼✨ 킹누(King Gnu) - 비가 찬란히(雨燦々 Ame Sansan) [가사발음한글 자막해석].3gpp.mp3,9
아비치 x 루피 x 로꼬 - Lay Me Down In V (Feat 아담 램버트 코드 쿤스트).3gpp.mp3,10
아이유 (IU) - 미발매곡 드라마 (Drama) 가사.3gpp.mp3,7
아이유 (IU) _ 있잖아 (rockver).3gpp.mp3,8
아이유 - 너랑 나 [유희열의 스케치북You Heeyeol’s Sketchbook]  KBS 200918 방송.3gpp.mp3,9
아이유(IU) 너랑나 (You & I) 교차편집 (Stage Mix).3gpp.mp3,9
악마는 협상따윈 하지 않아  Alec Benjamin - Devil Doesnt Bargain [가사해석번역lyrics].3gpp.mp3,10
안예은 - 달그림자   로엘 COVER.3gpp.mp3,9
양요섭 정은지 - LOVE DAY (2021) (바른연애 길잡이 X 양요섭 정은지) 가로라이브 Full ver.3gpp.mp3,8
어디선가 들어본 비트 (feat 잼민이 창법) 𝟯𝟰𝟳𝗮𝗶𝗱𝗮𝗻 - 𝗠𝗘𝗠𝗢𝗥𝗜𝗘𝗦! [가사해석].3gpp.mp3,9
어떻게 이별까지 사랑하겠어 널 사랑하는 거지 (How can I love the heartbreak.3gpp.mp3,9
언제나 105°C인 너 (热爱105°C的你 rè ài yì bǎi líng wǔ dù de nǐ) - 아쓰 (阿肆).3gpp.mp3,8
얼마나 많은 밤을 지새워야 어른이 될까 NIve - Tired [가사해석번역자막].3gpp.mp3,8
엠씨더맥스 바라보기.3gpp.mp3,7
여덟 시간의 시차 (八小时时差 bā xiǎo shí shí chà) - 쩡위 (郑鱼).3gpp.mp3,7
여름날 시 한편을 읽는듯한 노래 - 마음을 담기엔 종이가 작구나(가사병음한글자막).3gpp.mp3,9
여왕의 귀환 더 귀여워져서 돌아온 펑티모 《나는 내꺼야  我是我的》 COVER by Fengtimo.3gpp.mp3,10
연애말고 상담이나 받아 Mae Muller - Therapist [가사해석자막lyrics].3gpp.mp3,9
염따 x 조나스 브라더스 - 돈 Call Me Sucker.3gpp.mp3,10
요즘 찾기 힘든 갬성📀 𝙵𝚘𝚜𝚝𝚎𝚛 - 𝚏𝚘𝚘𝚕𝚜 [가사 해석lyrics].3gpp.mp3,10
용용 (YongYong) - 매초마다 죽어가고 있어 (with 한요한) [매초마다]ㅣLyrics가사.3gpp.mp3,9
우리가 왜 친구 사이야  Audrey Mika (오드리 미카) - Just Friends [가사해석lyrics].3gpp.mp3,10
우리가 진짜사랑을 하게 될 줄이야 《설애니  说爱你》 펑티모가 부르는 신나는 사랑노래 COVER by Fengtimo.3gpp.mp3,8
우린 서로가 없는 게 나을 것 같아  Oh Wonder - Happy (Acoustic) [가사해석].3gpp.mp3,9
우예린 - 해어화(解語花) COVER.3gpp.mp3,7
울랄라세션 - 굿바이데이 (각시탈 OST) COVER.3gpp.mp3,9
윤딴딴(YUN DDan DDan) - 겨울을 걷는다 가사.3gpp.mp3,10
윤하(Younha) - 오르트구름(Oort Cloud) 교차편집(stage mix).3gpp.mp3,10
이 노래 모르는 사람 없게 해주세요  Peder Elias - Loving You Girl (ft Hkeem) [가사해석번역lyrics].3gpp.mp3,7
이뤄지지 않을 꿈이라도⭐️ King Gnu(킹누) - 역몽(逆夢 Sakayume) (주술회전 OST) [가사발음한글 자막해석].3gpp.mp3,8
이무진 - 가을 타나 봐  가사.3gpp.mp3,10
이무진 - 신호등 가사.3gpp.mp3,8
이민혁 - 그렇게 됐나 봐 (아는 여자애 X 이민혁)  가사.3gpp.mp3,9
이상재 노래에서 찢었다는 로꼬벌스 🔥🔥🔥🔥.3gpp.mp3,10
이선희 - 그대 손 놓아요  로엘 COVER.3gpp.mp3,9
이수영 - 휠릴리  Male Cover.3gpp.mp3,8
이승환 - 어떻게 사랑이 그래요  로엘 COVER.3gpp.mp3,7
이안 - 물고기자리 Male COVER.3gpp.mp3,7
이지승X달지 - VVS 무대버전  커버.3gpp.mp3,10
이하이 - 구원자 (Feat BI) [ Lyrics  가사 ].3gpp.mp3,7
인생곡 하나 발견 🌈 Alex Sampson - Play Pretend (2021) [가사해석번역자막].3gpp.mp3,8
임형주 - 하월가  로엘 COVER.3gpp.mp3,9
잠이 오질 않네요 - 장범준.3gpp.mp3,10
장거리 연애를 하는 커플의 마음  나의 도시로 와  [가사병음해석].3gpp.mp3,7
장범준 - 고백 Audio (가사) - Lyric.3gpp.mp3,7
장범준 흔들리는 꽃들 속에서 네 샴푸향이 느껴진거야 (멜로가 체질 OST PART03)  가사.3gpp.mp3,10
정동원 - 그대가 살아서.3gpp.mp3,7
정승환 - 바람  로엘 x 문환 COVER.3gpp.mp3,7
조광일 - 쿠키영상 (Feat 에일리 행주 개코) (Prod 코드 쿤스트) [쇼미더머니 10 Final]ㅣLyrics가사.3gpp.mp3,10
조급해하지 않아도 괜찮아💐 아이묭 - 봄날(하루노히harunohi) [가사발음해석짱구는 못말려 극장판 OST].3gpp.mp3,10
조승우 - 꽃이 피고 지듯이(사도 OST)COVER.3gpp.mp3,8
중국SNS 휩쓰는 인기 가수 투즈야  다리 어귀의 아가씨.3gpp.mp3,7
중독성있는 리듬의 중국어 노래  평범하게 네 곁에 있고 싶어(가사병음한글자막).3gpp.mp3,9
지금은 삭제된 조회수 80만 드럼좌 마마무 - HIP 커버영상.3gpp.mp3,8
지금은 삭제된 조회수 90만 드럼좌 IZONE - FIESTA 커버영상.3gpp.mp3,7
지코 (ZICO) - 사람 [THINKING Part1]ㅣLyrics가사.3gpp.mp3,9
지코 (ZICO) - 새삥 (Prod ZICO) (Feat 호미들) [스트릿 맨 파이터(SMF) Original Vol3 (계급미션)]ㅣLyrics가사.3gpp.mp3,8
직감 (直觉 직각) - Superluckyqi  가사해석 번역 병음 발음 [중국노래  틱톡].3gpp.mp3,8
진격의거인 2기op-심장을바쳐라(풀버전) 팬뮤직비디오 進撃の巨人 2期op 心臓を捧げなさい (fullバージョン)ファンのミュージックビデオ.3gpp.mp3,9
짠해 (Cheerz).3gpp.mp3,10
찰리 푸스 (Charlie Puth) - Dangerously 가사 번역 뮤직비디오.3gpp.mp3,7
창모 (CHANGMO) - METEOR [Boyhood]ㅣLyrics가사.3gpp.mp3,8
창모 (Changmo) - 널 지워야해 (Erase You) (Produced by Changmo).3gpp.mp3,10
천국에서 틀어줄 것 같은 노래 👼🏻 Justin Bieber - Off My Face [가사해석lyrics].3gpp.mp3,9
첫소절에 극락 체험  Peder Elias - Better Alone [가사해석번역lyrics].3gpp.mp3,7
체인소맨 2화 엔딩 (즛토마요) - 잔기(残機) 가사.3gpp.mp3,9
첸 (CHEN) -  벚꽃연가 (백일의 낭군님 OST)  로엘 COVER.3gpp.mp3,10
첸 (CHEN) 백현 (BAEKHYUN) 시우민 (XIUMIN) - 너를 위해 (For You) [달의 연인 - 보보경심 려 OST Part 1].3gpp.mp3,7
추억을 모아 너에게 줄게 (把回忆拼好给你 bǎ huí yì pīn hǎo gěi nǐ) - 왕얼랑 (王贰浪).3gpp.mp3,9
추운겨울을 녹여주는 노래 난난(暖暖  따뜻함) 해바라기가 된 펑티모 COVER by Fengtimo.3gpp.mp3,9
춤의왕 The King of Dance.3gpp.mp3,8
춤추자 즐기는 사람이 이기는 거야💎 미세스 그린애플 - 댄스홀(ダンスホール Dance Hall) [가사발음한글 자막해석].3gpp.mp3,7
케이 (KEI) －「별과 해 Star And Sun」 [군주 - 가면의 주인 Ruler Master of the Mask OST Part 4] 가사 한국어.3gpp.mp3,10
케이시 - 너의 발걸음에 빛을 비춰줄게  가사.3gpp.mp3,9
코이 - 호시노겐 [니게하지 OST] 한일가사고음질恋 - 星野源.3gpp.mp3,10
콜드플레이 (Coldplay) - Viva La Vida (Live In São Paulo) 가사번역 by 영화번역가 황석희.3gpp.mp3,7
크리스토퍼 (Christopher) - BAD 가사 번역 라이브 비디오.3gpp.mp3,10
탄지로의 노래 - 귀멸의 칼날OST 한국어COVER (竈門炭治郎のうた -  鬼滅の刃 OST).3gpp.mp3,7
태연 ( TAEYEON) - 사계 (Four Seasons) COVER.3gpp.mp3,10
태연 (TAEYEON) - 사계 (Four Seasons) (가사 EngRomHanLyrics).3gpp.mp3,9
텐션업 된 펑티모가 부르는 《사랑해  爱你》 내 얘길 들어봐(오마이걸 파파야) 대만버전.3gpp.mp3,8
틱톡 보는사람은 한번쯤 들어본 노래 chernobyl 2017 가사  해석  번역.3gpp.mp3,10
틱톡으로 유명해져서 떡상해버린 곡 🔥 Arizona Zervas - Roxanne.3gpp.mp3,10
팝송 안좋아하는 사람도 반할 노래  Alec Benjamin - Let Me Down Slowly (feat Alessia Cara) [가사해석lyrics].3gpp.mp3,9
펀치 - 안녕 내 전부였던 너  가사.3gpp.mp3,9
펀치(Punch)-눈사람(SNOWMAN).3gpp.mp3,7
펑티모 - 매일 널 사랑하고 있어(爱着每天的你)  Fengtimo -爱着每天的你  冯提莫 [중국가사해석병음발음].3gpp.mp3,10
펑티모 《왕후여생  往后余生》 힐링되고 아름다운 노래 틱톡 인기곡 COVER by Fengtimo 冯提莫.3gpp.mp3,8
페노메코 (PENOMECO) - 걘 아니야 Pt2 [Dry Flower]ㅣLyrics가사.3gpp.mp3,9
편집하다 눈물 흘린 노래 LANY - If this is the last time [가사 해석].3gpp.mp3,10
피아노맨 - 사랑한다는 말로는 (Feat주시크)  가사.3gpp.mp3,10
학교에서 너만 바라보고 있어🏫 유이카 - 좋아하니까(好きだから) [가사발음한글 자막해석].3gpp.mp3,8
한 편의 잔혹동화🌼 Alan Walker - Lily (가사해석자막lyrics).3gpp.mp3,10
한국어로 사랑해요 나오는 노래 《123사랑해요  123我爱你》 남심저격수 펑티모 COVER by Fengtimo 冯提莫.3gpp.mp3,7
한국인들도 좋아하는 중국노래 《월량대표아적심  月亮代表我的心》 등려군의 노래 COVER by Fengtimo 펑티모.3gpp.mp3,9
한탄하나니 (怎叹 zěn tàn) - 정위 (郑鱼).3gpp.mp3,9
허공 (半空 bàn kōng) - 천즐 (陈之).3gpp.mp3,9
헤어지고 마주치면 모르는 척 해줘  AJ Mitchell - Like Strangers Do [가사해석lyrics].3gpp.mp3,7
헤이즈 (Heize) -  비가 오는 날엔 (2021)  가사.3gpp.mp3,9
헤이즈 (Heize) - 널 너무 모르고 (Dont know you) MV.3gpp.mp3,10
헤이즈 (Heize) - 비도 오고 그래서 (You Clouds Rain) (Feat 신용재 (Shin Yong Jae)) MV.3gpp.mp3,9
헤이즈 (Heize) - 첫눈에 (First Sight) MV.3gpp.mp3,7
헤이즈 (Heize) - 헤픈 우연 (HAPPEN)  가사.3gpp.mp3,10
헤이즈(Heize) X 펀치(Punch) - 밤하늘의 저 별처럼 (브람스를 좋아하세요 OST PART08)  가사.3gpp.mp3,7
현재 중국에서 가장 청량한 노래  정말 닮았어.3gpp.mp3,9
혜성같이 나타난 세련되고 트렌디한 중국노래  운이 없는 사람 [가사병음한글자막].3gpp.mp3,10
호랑수월가 (나와 호랑이님 OST)  로엘 COVER.3gpp.mp3,9
홍광호 - 발밤발밤(선덕여왕OST)COVER +2key.3gpp.mp3,10
화사 x 나플라 x 개코 - 선빵치면 멍청이 (SUNBBANG Twit Gang).3gpp.mp3,7
𝚂𝚊𝚕𝚎𝚖 𝚒𝚕𝚎𝚜𝚎 - 𝙼𝚊𝚍 𝚊𝚝 𝙳𝚒𝚜𝚗𝚎𝚢⚡🧚🏻‍♀  나 디즈니한테 화났어☄  mad at Disney 해석.3gpp.mp3,10
🌃NFlying - 옥탑방Rooftop【COVER by Guriri】.3gpp.mp3,8
🌟듣자마자 플리 담을 노래  𝗦𝗵𝗮𝘄𝗻 𝗠𝗲𝗻𝗱𝗲𝘀(션 멘데스) - 𝗪𝗵𝗲𝗻 𝗬𝗼𝘂𝗿𝗲 𝗚𝗼𝗻𝗲 [가사해석번역lyrics].3gpp.mp3,10
🎶Lucky Luke - Cooler Than Me (Bass Boosted).3gpp.mp3,10
👑 내게 완벽을 바란다면 𝑩𝒆𝒍𝒍𝒂 𝑷𝒐𝒂𝒓𝒄𝒉(벨라 포치) - 𝑩𝒖𝒊𝒍𝒅 𝒂 𝑩𝒕𝒄𝒉 [가사해석번역lyrics].3gpp.mp3,9
💙다신 돌아오지 않을 그 여름밤 Tokyo Machine & Weird Genius - Last Summer (feat Lights) [가사해석번역lyrics].3gpp.mp3,9
💯 허스키 목소리 + 영국 발음 𝐓𝐨𝐦 𝐆𝐫𝐞𝐧𝐧𝐚𝐧 - 𝐋𝐢𝐭𝐭𝐥𝐞 𝐁𝐢𝐭 𝐨𝐟 𝐋𝐨𝐯𝐞 [가사해석자막lyrics].3gpp.mp3,9
🔥 가장 많이 요청하신 틱톡 인기곡[旧梦一场] 구몽일장 - [阿悠悠Dj沈念] 아유유 중국노래한글가사자막병음.3gpp.mp3,8
🔥 빌보드 씹어먹는 가수  Ed Sheeran - Bad Habits [가사해석자막lyrics].3gpp.mp3,9
🔥 아이언맨 팬이라면 오열할 영상 Dean Lewis - How Do I Say Goodbye [가사가사해석가사번역lyrics].3gpp.mp3,7
🔥 웅장한 게임 삽입곡 느낌  Alan Walker - The Drum [가사해석자막lyrics].3gpp.mp3,10
🔥귀에 착 감기는 도입부 𝘽𝙚𝙗𝙚 𝙍𝙚𝙭𝙝𝙖 - 𝘽𝙧𝙚𝙖𝙠 𝙈𝙮 𝙃𝙚𝙖𝙧𝙩 𝙈𝙮𝙨𝙚𝙡𝙛 [가사해석번역lyrics].3gpp.mp3,7
🔥눈물 나게 좋은 도입부  BoyWithUke - Toxic [가사해석번역lyrics].3gpp.mp3,10
🔥듣는 순간 머릿속에 맴도는 띵곡 Jagwar Twin - Loser (가사해석번역lyrics).3gpp.mp3,9
🔥롤 아케인 OST  팀을 승리로 이끌 노래  Imagine Dragons & JID - Enemy [가사해석번역lyrics].3gpp.mp3,10
🔥마블덕후들 오열할 영상  Sia - Unstoppable [가사해석한국어lyrics].3gpp.mp3,9
🔥멈춰있던 심장을 뛰게 할 노래 Sam Ryder - Tiny Riot [가사해석번역lyrics].3gpp.mp3,10
🔥멜론 팝송 차트 부동의 1위  Charlie Puth(찰리 푸스) - That’s Hilarious [가사해석번역lyrics].3gpp.mp3,9
🔥빌보드 1위 X 멜론 1위의 조합  24kGoldn x sokodomo(소코도모) - SCAR (Prod BOYCOLD) [가사해석번역lyrics].3gpp.mp3,9
🔥역대급 역주행🔥 𝗚𝗹𝗮𝘀𝘀 𝗔𝗻𝗶𝗺𝗮𝗹𝘀 - 𝗛𝗲𝗮𝘁 𝗪𝗮𝘃𝗲𝘀 [가사해석lyrics].3gpp.mp3,7
🔥연패를 연승으로 바꿔줄 노래  Alan Walker(알렌 워커) x Benjamin Ingrosso - Man On The Moon [가사해석번역lyrics].3gpp.mp3,10
🚨비트부터 미쳤다 X Ambassadors - HEY CHILD (가사해석번역lyrics).3gpp.mp3,10
🥀위험할 정도로 치명적인 노래 Nico Collins - Hate Me [가사 해석].3gpp.mp3,10
