title,4
03 바람났어 花天酒地 feat박봄[朴春] - GG（박명수 & G-Dragon）.3gpp.mp3,7
05 I’m So Sexy – 댄싱게놈 (Dancing Genome) (유재석 JYP) (Yoo Jae Suk Park Jin Young).3gpp.mp3,9
10cm-애상.3gpp.mp3,10
20.3gpp.mp3,10
2002.3gpp.mp3,8
2NE1 - HATE YOU MV.3gpp.mp3,9
2NE1 - LONELY MV.3gpp.mp3,10
2NE1 - UGLY MV.3gpp.mp3,10
2NE1 - 내가 제일 잘 나가(I AM THE BEST) MV.3gpp.mp3,8
2PM HANDS UP MV.3gpp.mp3,10
365.3gpp.mp3,8
4 정말로 사랑한다면.3gpp.mp3,9
4 처음엔 사랑이란게.3gpp.mp3,8
5th Season (SSFWL).3gpp.mp3,8
9-TEEN.3gpp.mp3,8
90s Love.3gpp.mp3,7
A midsummer nights sweetness (한여름밤의 꿀).3gpp.mp3,8
Adele - Easy On Me (Official Video).3gpp.mp3,10
Adele - Hello.3gpp.mp3,8
Adele - Rolling in the Deep (Official Music Video).3gpp.mp3,10
Adore U (아낀다).3gpp.mp3,10
Again & Again.3gpp.mp3,10
Ah-Choo (Ah-Choo).3gpp.mp3,10
Ailee에일리-손대지마(Dont touch me) 가사lyrics.3gpp.mp3,9
All For You.3gpp.mp3,10
All I Want for Christmas Is You.3gpp.mp3,10
Alone (나혼자 (ALONE)).3gpp.mp3,7
Amelia Moore ASTN - next door.3gpp.mp3,10
Any song (아무노래).3gpp.mp3,9
Anyone.3gpp.mp3,9
ASAP (ASAP).3gpp.mp3,10
ASTN - Real (Official Video).3gpp.mp3,7
Attention please!.3gpp.mp3,9
Bad Boy.3gpp.mp3,9
Bad Girl Good Girl.3gpp.mp3,10
bad guy.3gpp.mp3,8
Bae Bae.3gpp.mp3,9
bang (뱅(BANG) !).3gpp.mp3,8
BANG BANG BANG.3gpp.mp3,8
BBIBBI (삐삐).3gpp.mp3,10
BBoom BBoom (뿜뿜).3gpp.mp3,10
Beach Again (다시 여기 바닷가).3gpp.mp3,7
BEAST - FICTION (Official Music Video).3gpp.mp3,10
Beautiful Night (아름다운 밤이야).3gpp.mp3,7
Beautiful.3gpp.mp3,7
Because Its Christmas (크리스마스니까).3gpp.mp3,10
Best Mistake.3gpp.mp3,10
BIGBANG - TONIGHT MV.3gpp.mp3,8
Black Mamba.3gpp.mp3,7
Blood Sweat & Tears.3gpp.mp3,7
Blue & Grey.3gpp.mp3,10
Boys and Girls (Feat Babylon).3gpp.mp3,10
Breathe.3gpp.mp3,7
Bren Joy - Insecure (feat Pink Sweat) [Official Video].3gpp.mp3,9
Britney Spears - Circus (Official HD Video).3gpp.mp3,10
Britney Spears - Lucky (Official HD Video).3gpp.mp3,7
Britney Spears - Toxic (Official HD Video).3gpp.mp3,7
Brown Eyed Girls (브라운아이드걸스) _ Sixth Sense _ MV.3gpp.mp3,8
Bruno Mars - Just The Way You Are (Official Music Video).3gpp.mp3,7
Bruno Mars - Marry You (Official Lyric Video).3gpp.mp3,9
Bruno Mars - Treasure (Official Music Video).3gpp.mp3,7
BUBIBU.3gpp.mp3,7
CALL ME BABY.3gpp.mp3,9
CamRus - Chance (Official Audio).3gpp.mp3,9
Carly Rae Jepsen - Call Me Maybe.3gpp.mp3,10
Carly Rae Jepsen - I Really Like You (Audio).3gpp.mp3,8
Carly Rae Jepsen - Run Away With Me.3gpp.mp3,7
Carly Rae Jepsen - Tug Of War.3gpp.mp3,9
Change (Feat Jun Hyung Yong From BEAST) (CHANGE (FEAT 용준형 FROM BEAST)).3gpp.mp3,7
CHANGE UP.3gpp.mp3,9
CHEER UP.3gpp.mp3,8
CHEERS.3gpp.mp3,9
Cherry Bomb.3gpp.mp3,8
Chi Mat Ba Ram (치맛바람 (Chi Mat Ba Ram)).3gpp.mp3,10
CLAP (박수).3gpp.mp3,9
Cold Blooded.3gpp.mp3,8
Come Back Home.3gpp.mp3,7
Cookie.3gpp.mp3,10
Counts - Sam MacPherson (official visualizer).3gpp.mp3,8
Crazy (미쳐).3gpp.mp3,9
Dance The Night Away.3gpp.mp3,10
Daniel Schulz - AFK (Official Lyric Video).3gpp.mp3,7
Davichi (다비치) _ Dont say Goodbye(안녕이라고 말하지마) MV.3gpp.mp3,8
DDING (띵) (Prod By GIRIBOY) (기리보이).3gpp.mp3,9
Disneys Enchanted - Happy Working Song (Actual Footage).3gpp.mp3,10
DM.3gpp.mp3,9
Dolphin.3gpp.mp3,8
Domino.3gpp.mp3,9
Dream Girl.3gpp.mp3,8
Dream.3gpp.mp3,9
Dumb Dumb.3gpp.mp3,7
Dumhdurum (덤더럼(Dumhdurum)).3gpp.mp3,8
Dun Dun Dance.3gpp.mp3,8
Dynamite.3gpp.mp3,8
Décalcomanie (데칼코마니) Décalcomanie.3gpp.mp3,8
Egotistic (너나 해 (Egotistic)).3gpp.mp3,9
eight (Prod & Feat SUGA of BTS) (에잇(Prod & Feat SUGA of BTS)).3gpp.mp3,8
ELEVEN (ELEVEN).3gpp.mp3,9
Euphoria.3gpp.mp3,7
f(x) 에프엑스 Hot Summer MV.3gpp.mp3,8
FANCY.3gpp.mp3,7
Fantastic Baby.3gpp.mp3,8
FEARLESS.3gpp.mp3,8
FIESTA.3gpp.mp3,9
Fiji Blue - Butterflies (Lyric Video).3gpp.mp3,10
fml.3gpp.mp3,9
for lovers who hesitate (주저하는 연인들을 위해).3gpp.mp3,9
FOREVER 1.3gpp.mp3,9
Forever Young.3gpp.mp3,9
Friday (featJang Yi-jeong) (금요일에 만나요 (feat장이정 of HISTORY)).3gpp.mp3,10
Fronting (표정관리).3gpp.mp3,7
GD & TOP - High High.3gpp.mp3,8
GD & TOP - Oh yeah (ft Park Bom).3gpp.mp3,7
Gee.3gpp.mp3,7
Girls Day(걸스데이) _ Twinkle Twinkle(반짝반짝) MV.3gpp.mp3,10
Girls Generation 소녀시대 The Boys MV (KOR Ver).3gpp.mp3,7
Glass Bead (유리구슬).3gpp.mp3,10
Go Away.3gpp.mp3,7
gogobebe (고고베베 (gogobebe)).3gpp.mp3,7
GOOD BOY.3gpp.mp3,10
Habit (입버릇).3gpp.mp3,9
Healing (힐링).3gpp.mp3,7
heart (마음).3gpp.mp3,7
Heart Attack (심쿵해 (Heart Attack)).3gpp.mp3,10
Heart Shaker.3gpp.mp3,7
Heavens Cloud.3gpp.mp3,10
Hello Future.3gpp.mp3,7
HER.3gpp.mp3,9
HIP (HIP).3gpp.mp3,9
How You Like That.3gpp.mp3,8
Huh (HUH).3gpp.mp3,10
Huh Gak 허각 - Hello.3gpp.mp3,8
HWAA (화(火花)).3gpp.mp3,9
HYUNA - Bubble Pop! (Official Music Video).3gpp.mp3,10
I (Feat Verbal Jint).3gpp.mp3,10
I Dont Care.3gpp.mp3,10
I Guess I Loved You.3gpp.mp3,10
I happen to Love You (우리 사랑하게 됐어요).3gpp.mp3,9
I Like You (니가 좋다).3gpp.mp3,10
I Love You.3gpp.mp3,8
Ice Cream Cake.3gpp.mp3,8
ICY.3gpp.mp3,9
Idina Menzel AURORA - Into the Unknown (From Frozen 2).3gpp.mp3,8
If there was practice in love (Prod 2soo) (사랑에 연습이 있었다면 (Prod 2soo)).3gpp.mp3,10
illa illa (ILLA ILLA (일라 일라)).3gpp.mp3,9
Into the Unknown.3gpp.mp3,10
INVU.3gpp.mp3,10
Isac Elliot - Ghost (Lyric Video).3gpp.mp3,8
ISLAND.3gpp.mp3,7
ITZY “Boys Like You” MV @ITZY.3gpp.mp3,10
ITZY “SNEAKERS” MV @ITZY.3gpp.mp3,10
IU (아이유) _ Good Day (좋은 날) _ MV.3gpp.mp3,8
IU(아이유) _ Every End of the Day(스무 살의 봄-하루 끝).3gpp.mp3,7
IU(아이유) _ Only I didnt know(나만 몰랐던 이야기) [REAL+] _MV.3gpp.mp3,9
I’m Not Cool.3gpp.mp3,10
Jake Miller - Ross And Rachel (Lyric Video).3gpp.mp3,7
Jessi (제시) - ZOOM MV.3gpp.mp3,10
John K - shadows (Official Audio).3gpp.mp3,7
Johnny Stimson - The Way It Was Before (EPISODE 1).3gpp.mp3,7
karaoke (노래방에서).3gpp.mp3,7
Khalid - Satellite (Official Video).3gpp.mp3,8
Kick It.3gpp.mp3,8
KNOCK KNOCK.3gpp.mp3,7
Ko Ko Bop.3gpp.mp3,8
LA SONG  (LA SONG).3gpp.mp3,8
Last Christmas.3gpp.mp3,10
Last Goodbye.3gpp.mp3,8
LE SSERAFIM (르세라핌) ANTIFRAGILE OFFICIAL MV.3gpp.mp3,8
LE SSERAFIM FEARLESS OFFICIAL MV.3gpp.mp3,8
LEE HI - 1234 MV.3gpp.mp3,8
Left and Right (Feat Jung Kook of BTS).3gpp.mp3,9
Lenka - Everything At Once.3gpp.mp3,9
Lenka - The Show (New Version) (Official Video).3gpp.mp3,8
Like it (좋니).3gpp.mp3,8
LILAC (라일락).3gpp.mp3,9
LIPSTICK (립스틱).3gpp.mp3,9
LOER=LO♡ER.3gpp.mp3,7
Loner (외톨이야).3gpp.mp3,8
Loser.3gpp.mp3,7
Lost Stars.3gpp.mp3,7
Love (Love).3gpp.mp3,7
LOVE DIVE (LOVE DIVE).3gpp.mp3,10
Love Shot.3gpp.mp3,9
Love Yourself.3gpp.mp3,9
Lovesick Girls.3gpp.mp3,10
Loving U (LOVING U (러빙유)).3gpp.mp3,10
Lucifer.3gpp.mp3,7
LUV.3gpp.mp3,8
Magic.3gpp.mp3,7
Mansae (만세).3gpp.mp3,9
Maria (마리아 (Maria)).3gpp.mp3,9
Mark Ronson - Uptown Funk (Official Video) ft Bruno Mars.3gpp.mp3,10
Maroon 5 - Moves Like Jagger ft Christina Aguilera (Official Music Video).3gpp.mp3,10
Maroon 5 - Payphone (한글 가사 해석)ft Wiz Khalifa.3gpp.mp3,7
Me Gustas Tu (오늘부터 우리는).3gpp.mp3,9
METEOR.3gpp.mp3,7
MIC Drop.3gpp.mp3,9
Mills - Slide Thru (Official Music Video).3gpp.mp3,10
Miniskirt (짧은 치마 (Miniskirt)).3gpp.mp3,7
miss A “Good-bye Baby” MV.3gpp.mp3,10
Mr Chu (On Stage) (Mr Chu (On Stage)).3gpp.mp3,9
MrMr.3gpp.mp3,8
MY BAG.3gpp.mp3,8
My Destiny.3gpp.mp3,9
My only one (lyrics) - Sebastian Yatra ft Isabela Moner.3gpp.mp3,8
NAVILLERA (너 그리고 나).3gpp.mp3,10
NAYEON POP! MV.3gpp.mp3,9
Never Let You Go (죽어도 못 보내).3gpp.mp3,10
NEVER.3gpp.mp3,8
New Rules - Love You Like That (Official Lyric Video).3gpp.mp3,10
NewJeans (뉴진스) Hype Boy Official MV (MINJI ver).3gpp.mp3,7
Next Level.3gpp.mp3,9
Nitpicking (잔소리 (with 2AM 슬옹)).3gpp.mp3,7
NMIXX DICE MV.3gpp.mp3,8
NO1.3gpp.mp3,10
Nobody.3gpp.mp3,8
NoNoNo.3gpp.mp3,8
Nonstop.3gpp.mp3,10
Oh my god.3gpp.mp3,9
Oh!.3gpp.mp3,7
Okey Dokey.3gpp.mp3,10
On Rainy Days (비가 오는 날엔).3gpp.mp3,9
On The Ground.3gpp.mp3,7
ON.3gpp.mp3,8
One Direction - Best Song Ever.3gpp.mp3,7
One Direction - Drag Me Down (Official Video).3gpp.mp3,9
One Direction - Night Changes.3gpp.mp3,9
One Direction - Story of My Life.3gpp.mp3,10
One Direction - What Makes You Beautiful (Official Video).3gpp.mp3,10
OO.3gpp.mp3,10
Owl City & Carly Rae Jepsen - Good Time (Official Video).3gpp.mp3,9
Owl City & Yuna - Shine Your Way.3gpp.mp3,7
Owl City - Fireflies (Official Music Video).3gpp.mp3,8
Owl City - To The Sky (Official Video).3gpp.mp3,10
PARK BOM - DONT CRY MV.3gpp.mp3,7
PARTY.3gpp.mp3,10
Permission to Dance.3gpp.mp3,8
PING PONG.3gpp.mp3,9
Pink Venom.3gpp.mp3,10
Please don’t… (이러지마 제발 (PLEASE DON’T…)).3gpp.mp3,7
Power Up.3gpp.mp3,8
Pretty U (예쁘다).3gpp.mp3,10
PRETTYMUCH - Would You Mind (Audio).3gpp.mp3,9
Problem.3gpp.mp3,10
PSY - That That (prod & feat SUGA of BTS) MV.3gpp.mp3,7
Psycho.3gpp.mp3,10
Push Push (PUSH PUSH).3gpp.mp3,9
Puss (Prod by 라이머) Puss (Prod by Rhymer).3gpp.mp3,7
Queendom.3gpp.mp3,8
REALLY REALLY.3gpp.mp3,8
Regular (Korean Version).3gpp.mp3,7
Remember (REMEMBER).3gpp.mp3,10
Rollin.3gpp.mp3,9
Rookie.3gpp.mp3,9
Rough (시간을 달려서).3gpp.mp3,8
Run Devil Run.3gpp.mp3,7
Santa Tell Me.3gpp.mp3,8
Secret Garden.3gpp.mp3,7
Secret(시크릿) _ Love is MOVE(사랑은 MOVE) MV.3gpp.mp3,7
SEVENTEEN (세븐틴) HOT Official MV.3gpp.mp3,7
SEVENTEEN (세븐틴) Rock with you Official MV.3gpp.mp3,8
SEVENTEEN _WORLD Lyrics (세븐틴 _WORLD 가사) (Color Coded Lyrics).3gpp.mp3,8
SEVENTEEN ‘Darl+ing Lyrics (세븐틴 달링 가사) (Color Coded Lyrics).3gpp.mp3,10
Shady Girl (가식걸).3gpp.mp3,7
Shape of You.3gpp.mp3,7
Shining Diamond.3gpp.mp3,8
Shock (SHOCK).3gpp.mp3,9
Short Hair (단발머리 (SHORT HAIR)).3gpp.mp3,8
Show Yourself.3gpp.mp3,8
SIGNAL.3gpp.mp3,7
Simon Dominic (사이먼 도미닉).3gpp.mp3,7
SISTAR19(씨스타19) - Ma Boy Music Video.3gpp.mp3,10
SMILEY (Feat BIBI).3gpp.mp3,9
Snapping.3gpp.mp3,10
SNEAKERS.3gpp.mp3,9
SOLO.3gpp.mp3,7
Some (featGeeks Lil Boi) (썸 (FEAT긱스 릴보이)).3gpp.mp3,8
Someday -아이유 (IU) (Dream High OST).3gpp.mp3,10
Someone Like You.3gpp.mp3,9
Something.3gpp.mp3,8
Song Ji-Eun(송지은 of Secret)_ Going Crazy(미친거니)(Feat Bang Yong-Gook).3gpp.mp3,8
Speechless (Full).3gpp.mp3,9
Spider.3gpp.mp3,8
Spring Is Gone by chance (우연히 봄).3gpp.mp3,7
Starry Night (별이 빛나는 밤).3gpp.mp3,7
Stay This Way.3gpp.mp3,8
Step Back.3gpp.mp3,7
STEP.3gpp.mp3,10
Stray Kids CASE 143 MV.3gpp.mp3,10
Sugar.3gpp.mp3,9
Sunmi(선미) Full Moon(보름달) MV.3gpp.mp3,8
SURF.3gpp.mp3,10
T-ara(티아라) _ Cry Cry (MV Ver2).3gpp.mp3,7
T-ARA(티아라) _ Roly Poly(롤리폴리) _ MV.3gpp.mp3,8
Tangled (라푼젤) OST - I See the Light (Lyrics 해석).3gpp.mp3,8
Taylor Swift - Love Story.3gpp.mp3,9
Taylor Swift - Mean.3gpp.mp3,9
Taylor Swift - Mine.3gpp.mp3,10
Taylor Swift - You Belong With Me.3gpp.mp3,7
Tell Me.3gpp.mp3,7
The Space Between (틈).3gpp.mp3,7
Through the Night (밤편지).3gpp.mp3,7
Time for the moon night (밤).3gpp.mp3,7
Timeless.3gpp.mp3,8
Touch.3gpp.mp3,8
Traffic light (신호등).3gpp.mp3,9
Trouble Maker (TROUBLE MAKER).3gpp.mp3,10
Troye Sivan - IN A DREAM (Official Audio).3gpp.mp3,10
Twenty-three (스물셋).3gpp.mp3,10
TWICE Talk that Talk MV.3gpp.mp3,10
TWIT (멍청이(twit)).3gpp.mp3,8
U & I (U & I).3gpp.mp3,9
U-Go-Girl (유고걸) (With 낯선).3gpp.mp3,7
U.3gpp.mp3,9
Ugly.3gpp.mp3,7
Uh-Oh (Uh-Oh).3gpp.mp3,8
Up & Down.3gpp.mp3,9
VVS (Feat JUSTHIS) (Prod GroovyRoom).3gpp.mp3,7
WA DA DA.3gpp.mp3,10
WANNABE.3gpp.mp3,10
Way Back Home.3gpp.mp3,10
WE GO.3gpp.mp3,10
WE LIKE 2 PARTY.3gpp.mp3,10
Weekend.3gpp.mp3,7
Westlife - Fool Again (Official Video).3gpp.mp3,10
Westlife - My Love (Official Video).3gpp.mp3,7
Westlife - Uptown Girl (Official Video).3gpp.mp3,10
Westlife - You Raise Me Up (Official Video).3gpp.mp3,8
What is Love.3gpp.mp3,10
What Makes You Beautiful.3gpp.mp3,9
Why Try.3gpp.mp3,10
Wi Ing Wi Ing.3gpp.mp3,9
Wonder Girls Be My Baby MV.3gpp.mp3,8
YEPPI YEPPI.3gpp.mp3,7
YES or YES.3gpp.mp3,7
You And I.3gpp.mp3,7
[FHD] 1 Frozen(겨울왕국) - Do You Want To Build A Snowman (영어+한글자막).3gpp.mp3,10
[HD] 1 Tangled(라푼젤) - When Will My Life Begin (영어+한글자막).3gpp.mp3,9
[MV] HIGH4 IU(하이포 아이유) _ Not Spring Love or Cherry Blossoms(봄사랑벚꽃 말고).3gpp.mp3,8
[MV] ORANGE CARAMEL 까탈레나(Catallena) Music video.3gpp.mp3,8
[MV] Secret(시크릿) _ Shy Boy(샤이보이).3gpp.mp3,10
[MV] SEVENTEEN(세븐틴) - 어쩌나 (Oh My!).3gpp.mp3,10
[음원가사] 이유 갓지(GOD G) 않은 이유(아이유 박명수) - 레옹 가사.3gpp.mp3,8
[음원가사] 황태지(황광희 태양 지드래곤) - 맙소사.3gpp.mp3,10
강남스타일 (Gangnam Style).3gpp.mp3,9
겁 (Feat 태양) Fear (Feat TAEYANG).3gpp.mp3,9
겨울왕국 OST ❄️ Love Is An Open Door - Kristen Bell Santino Fontana [영상가사해석발음한글자막lyrics].3gpp.mp3,10
겨울왕국2 OST ❄️ 올라프 노래 When I Am Older - Josh Gad [영상가사해석발음한글자막번역lyrics].3gpp.mp3,9
고백하던 날 The Day of Confession.3gpp.mp3,10
공허해 (Empty).3gpp.mp3,8
광화문에서 At Gwanghwamun.3gpp.mp3,8
꺼내 먹어요 Eat.3gpp.mp3,9
끼부리지마 (Dont Flirt).3gpp.mp3,8
나는 달라 (Im Different) ft Bobby.3gpp.mp3,8
낙하 (NAKKA) (with IU).3gpp.mp3,7
내 방을 여행하는 법.3gpp.mp3,10
너의 모든 순간.3gpp.mp3,8
넌 Is 뭔들.3gpp.mp3,9
눈 코 입 (Eyes Nose Lips).3gpp.mp3,10
눈누난나 (NUNU NANA).3gpp.mp3,7
덤디덤디 (DUMDi DUMDi).3gpp.mp3,9
돌덩이.3gpp.mp3,7
땡땡땡 Dang Dang Dang.3gpp.mp3,9
뚜두뚜두 (DDU-DU DDU-DU).3gpp.mp3,9
라비앙로즈 (La Vie en Rose).3gpp.mp3,8
러시안 룰렛 Russian Roulette.3gpp.mp3,8
루팡 (Lupin).3gpp.mp3,10
리듬 속의 그 춤을.3gpp.mp3,9
마이티마우스톡톡 (mighty mouth).3gpp.mp3,9
마지막처럼 (As If Its Your Last).3gpp.mp3,10
마피아 In the morning.3gpp.mp3,8
맛 Hot Sauce.3gpp.mp3,8
박수쳐 (Clap Your Hands).3gpp.mp3,10
버퍼링 Glitch Mode.3gpp.mp3,10
벌써 12시 Gotta Go.3gpp.mp3,7
벌써 일년.3gpp.mp3,8
벚꽃 엔딩.3gpp.mp3,7
봄날.3gpp.mp3,8
불장난 (Playing With Fire).3gpp.mp3,8
불타오르네 (FIRE).3gpp.mp3,8
붐바야 (Boombayah).3gpp.mp3,9
브라운 아이즈(Brown Eyes) - 점점  가사.3gpp.mp3,9
빨간 맛 Red Flavor.3gpp.mp3,8
사계 Four Seasons.3gpp.mp3,10
소녀.3gpp.mp3,8
시작.3gpp.mp3,8
시크릿 (Secret) _ 별빛달빛 (Starlight Moonlight) MV.3gpp.mp3,10
썸 탈꺼야.3gpp.mp3,9
씨스타(SISTAR) -So Cool Music Video.3gpp.mp3,10
아낙네 (Fiancé).3gpp.mp3,9
아로하 Aloha.3gpp.mp3,7
아이유   내 손을 잡아.3gpp.mp3,8
양화대교 Yanghwa Brdg.3gpp.mp3,9
어떤X (What Type of X).3gpp.mp3,8
어떻게 이별까지 사랑하겠어 널 사랑하는 거지 (How can I love the heartbreak.3gpp.mp3,9
어머님이 누구니 (Whos your mama) (Feat Jessi).3gpp.mp3,10
에너제틱 Energetic.3gpp.mp3,7
여행.3gpp.mp3,8
연결고리힙합 YGGRHip Hop.3gpp.mp3,9
영웅 Kick It 英雄.3gpp.mp3,10
오빠차 OPPA CAR.3gpp.mp3,7
오스틴 (ASTN) - Youre Almost There 가사 번역 뮤직비디오.3gpp.mp3,8
울랄라세션 (ULALASESSION) - 아름다운 밤 (Beautiful Night).3gpp.mp3,7
워커홀릭.3gpp.mp3,10
음오아예 (Um Oh Ah Yeh).3gpp.mp3,7
음파음파 Umpah Umpah.3gpp.mp3,7
이 노래가 클럽에서 나온다면 Fire up.3gpp.mp3,7
이럴거면 그러지말지 Shouldnt Have… (Feat Young K).3gpp.mp3,10
작은 것들을 위한 시 (Boy with Luv) feat Halsey.3gpp.mp3,8
좋겠다.3gpp.mp3,10
짐살라빔 Zimzalabim.3gpp.mp3,8
처진 달팽이_압구정 날라리 korean lyrics.3gpp.mp3,9
첫 눈 The First Snow.3gpp.mp3,7
첫눈처럼 너에게 가겠다 I will go to you like the first snow.3gpp.mp3,10
최고의 행운 Best Luck.3gpp.mp3,8
크레용 (Crayon).3gpp.mp3,9
토이스토리 Toy Story OST - Youve Got a Friend in Me [가사해석번역].3gpp.mp3,7
하루하루 (Haru Haru).3gpp.mp3,7
한숨 (Breathe).3gpp.mp3,10
행복 (Happiness).3gpp.mp3,10
환상속의 그대 Miracle.3gpp.mp3,9
훗 Hoot.3gpp.mp3,10
휘파람 (Whistle).3gpp.mp3,9
흔들리는 꽃들 속에서 네 샴푸향이 느껴진거야 Your Shampoo Scent In The Flowers.3gpp.mp3,10
힘 내! Way to go.3gpp.mp3,8
